oid,alternative_oid,preheat_time,interface,temperature_differential,temperature_gradient,lid_temp,temperature_control,heating_rate,cooling_rate,mixing_mode,voltage,electric_power,electric_frequency,weight  ,warranty,operating_temperature,operating_mode,chamber_dimensions,temperature_uniformity,overall_dimensions,program_memory,temperature_settings,temperature_stability,temperature_accuracy,ramp_timer_range,temperature_increments,temperature_decrements,ramp_rate,rpm,platform_dimensions,chamber_volume,chamber_material,chamber_diameter,chamber_height,co2_range,co2_increment,co2_accuracy,co2_sensor,high_heat_decon,humidity_control,split_inner_door_compartments,capacity,size,capacity_bod_bottles,timer_range,try_dimensions,max_pressure,sterilization_time,cycle_time,pause_time,max_cycles,noise_level,tilt_angle,motion_type,rollers_number,roller_dimension,roller_spacing,vessels_accepted,orbit,cord_length,max_load,motor_activation,deceleration,acceleration,speed_increment,momentary,gel_strength,gel_temperature,melt_temperature,eeo,moisture_content,sulfate,storage_conditions,rnase_dnase,protease_endonuclease,agarose_resolution,agarose_application,sterilization_method,material,cap_material,cap_thread_size,cap_color,others,max_aspiration,max_flow,vacuum_range,vacuum_pump,product_relations,category,sub_category,original_link
"Water Baths
",,,,,,,,,,,,,,,,,,,,,,,,,,,,,,,,,,,,,,,,,,,,,,,,,,,,,,,,,,,,,,,,,,,,,,,,,,,,,,,,,,,,,,,,,,,
B2000-2 ,B2000-2-E,,,,,,,,,,"115,230V",,50-60Hz,2kg,,,,5.3x9.4x5.5in,±0.2°C at 37°C,6.5x8x6in,,5-100°C,,,,1.0°C,,,,,,,,,,,,,,,,,,,,,,,,,,,,,,,,,,,,,,,,,,,,,,,,,,,,,,,,,,,,,,B2000-4-T5;B2000-4-T1520;B2000-4-T150;B2000-4-T500;B2000-8-T150;B2000-8-500,water_bath,,
Vortex Mixers,,,,,,,,,,,,,,,,,,,,,,,,,,,,,,,,,,,,,,,,,,,,,,,,,,,,,,,,,,,,,,,,,,,,,,,,,,,,,,,,,,,,,,,,,,,
BV1000,BV1000-E,,,,,,,,,,"115,230V",180W,50-60Hz,3.8kg,2years,4-45°C,touch;continuous ,,,13x16x17cm,,,,,,,,,200-3200rpm,,,,,,,,,,,,,,,,,,,,,,,,,,,,,,3mm,,,,,,,,,,,,,,,,,,,,,,,,,,,,,BV1000-FLAT;BV1000-COMBO;BV1000-H15;BV1000-H150;BV1000-H500,,,
BV1003,BV1003-E,,,,,,,,,,"115,230V",180W,50-60Hz,3.8kg,2years,4-45°C,touch;continuous ,,,13.2x17x17cm,,,,,,,,,200-3200rpm,,,,,,,,,,,,,,,,,,,,,,,,,,,,,,3mm,,,,,,,,,,,,,,,,,,,,,,,,,,,,,BV1000-COMBO;BV1000-H15;BV1000-H150;BV1000-H500;BV1003-150;BV1003-500,vortexer,,
BV101,BV101-E,,,,,,,,,,100-240V,0.7A,50-60Hz,0.4kg,2years,,insta-touch pressure activation,,,9.4x9.9x6.6cm,,,,,,,,,2800rpm,,,,,,,,,,,,,,,,,,,,,,,,,,,,,,4mm,,,,,,,,,,,,,,,,,,,,,,,,,,,,,BV1000-COMBO;BV1000-H15;BV1000-H150;BV1000-H500;BV1003-150;BV1003-500,,,
BV101-B,BV101-B-E,,,,,,,,,,100-240V,0.7A,50-60Hz,0.4kg,2years,,insta-touch pressure activation,,,9.4x9.9x6.6cm,,,,,,,,,2800rpm,,,,,,,,,,,,,,,,,,,,,,,,,,,,,,4mm,,,,,,,,,,,,,,,,,,,,,,,,,,,,,BV1000-COMBO;BV1000-H15;BV1000-H150;BV1000-H500;BV1003-150;BV1003-500,,,
BV101-G,BV101-G-E,,,,,,,,,,100-240V,0.7A,50-60Hz,0.4kg,2years,,insta-touch pressure activation,,,9.4x9.9x6.6cm,,,,,,,,,2800rpm,,,,,,,,,,,,,,,,,,,,,,,,,,,,,,4mm,,,,,,,,,,,,,,,,,,,,,,,,,,,,,BV1000-COMBO;BV1000-H15;BV1000-H150;BV1000-H500;BV1003-150;BV1003-500,,,
BV101-P,BV101-P-E,,,,,,,,,,100-240V,0.7A,50-60Hz,0.4kg,2years,,insta-touch pressure activation,,,9.4x9.9x6.6cm,,,,,,,,,2800rpm,,,,,,,,,,,,,,,,,,,,,,,,,,,,,,4mm,,,,,,,,,,,,,,,,,,,,,,,,,,,,,BV1000-COMBO;BV1000-H15;BV1000-H150;BV1000-H500;BV1003-150;BV1003-500,,,
BV101-R,BV101-R-E,,,,,,,,,,100-240V,0.7A,50-60Hz,0.4kg,2years,,insta-touch pressure activation,,,9.4x9.9x6.6cm,,,,,,,,,2800rpm,,,,,,,,,,,,,,,,,,,,,,,,,,,,,,4mm,,,,,,,,,,,,,,,,,,,,,,,,,,,,,BV1000-COMBO;BV1000-H15;BV1000-H150;BV1000-H500;BV1003-150;BV1003-500,,,
BV1005,BV1005-E,,,,,,,,,,"115,230V",180W,,3.8kg,2years,4-65°C,touch;continuous ,,,13x16x17cm,,,,,,,,,200-3400rpm,,,,,,,,,,,,,,,,,,,,,,,,,,,,,,3mm,,,,,,,,,,,,,,,,,,,,,,,,,,,,,BV1000-FLAT;BV1000-COMBO;BV1000-H15;BV1000-H150;BV1000-H500,vortexer,,
BV1010,BV1010-E,,,,,,,,,,100-240V,,50-60Hz,13kg,2years,,,,,38.5x23.5x42cm,,,,,,,,,500-2500rpm,,,,,,,,,,,,,6x250ml,,,1min-100h,,,,,,,,,,,,,,3.6mm,,,,,,,,,,,,,,,,,,,,,,,,,,,,,BV1010-05;BV1010-1520;BV1010-12;BV1010-13;BV1010-150;BV1010-500;BV101025;BV101050H;BV1010-MP;BV1010-MP02,vortexer,,
BV1010-TST,BV1010-TST-E,,,,,,,,,,101-240V,,50-60Hz,13kg,2years,,,,,38.5x23.5x42cm,,,,,,,,,500-2500rpm,30x17.8cm,,,,,,,,,,,,,,,,,,,,,,,,,,,,,,,,,,,,,,,,,,,,,,,,,,,,,,,,,,,shaker;vortexer,,
2d-rockers,,,,,,,,,,,,,,,,,,,,,,,,,,,,,,,,,,,,,,,,,,,,,,,,,,,,,,,,,,,,,,,,,,,,,,,,,,,,,,,,,,,,,,,,,,,
BR1000,BR1000-E,,,,,,,,,,"115,230V",50W,50-60Hz,3kg,2years,4-45°C,,,,34x30x12cm,,,,,,,,,12rpm,30x30cm,,,,,,,,,,,,,,,,,,,,,,,±8°,,,,,,,,2.3kg,,,,,,,,,,,,,,,,,,,,,,,,,,,BR1000-STACK;BR1000-DIMPLED;B0718,rocker,platform rocker,
BR2000,BR2000-E,,,,,,,,,,"115,230V",50W,50-60Hz,3.4kg,2years,4-45°C,,,,35.6x30x16.5cm,,,,,,,,,2-30rpm,35x30cm,,,,,,,,,,,,,,,,,,,,,,,0-30°,,,,,,,,3.6kg,,,,,,,,,,,,,,,,,,,,,,,,,,,BR2000-STACK;BR1000-DIMPLED;B0718,rocker,2d rocker,
BR5000,BR5000-E,,,,,,,,,,"115,230V",,50-60Hz,9kg,5years,0-65°C,,,,40.55x33x15.2cm,,,,,,,,,3-80rpm,40.5x30cm,,,,,,,,,,,,,,,,,,,,,,,0-20°,,,,,,,,5.45kg,,,,,,,,,,,,,,,,,,,,,,,,,,,BR5000-STACK,rocker,,
M2100,M2100-E,,,,,,,,,,"115,230V",50W,50-60Hz,2.2kg,2years,4-45°C,,,,33.6x13.5x10cm,,,,,,,,,24rpm,30x11.4cm,,,,,,,,,,,,,,,,,,,,,,,±30°,,,,,,,,2kg,,,,,,,,,,,,,,,,,,,,,,,,,,,,,,
3d-rockers,,,,,,,,,,,,,,,,,,,,,,,,,,,,,,,,,,,,,,,,,,,,,,,,,,,,,,,,,,,,,,,,,,,,,,,,,,,,,,,,,,,,,,,,,,,
B3D5000,B3D5000-E,,,,,,,,,,"115,230V",50W,50-60Hz,3.4kg,2years,4-45°C,,,,30x30x20cm,,,,,,,,,2-30rpm,30x30cm,,,,,,,,,,,,,,,,,,,,,,,0-30°,,,,,,,,2.3kg,,,,,,,,,,,,,,,,,,,,,,,,,,,B3D5000-STK;B3D5000-DIMP,rocker,3d rocker,
B3D2300,B3D2300-E,,,,,,,,,,"115,230V",50W,50-60Hz,3.4kg,2years,4-45°C,,,,30x30x20cm,,,,,,,,,2-30rpm,30x30cm,,,,,,,,,,,,,,,,,,,,,,,0-30°,,,,,,,,2.3kg,,,,,,,,,,,,,,,,,,,,,,,,,,,BR1000-STACK;BR1000-STACK-D;B0718;BR000-SP,shaker,3d_nutating_shake,
B3D1020,B3D1020-E,,,,,,,,,,"115,230V",50W,50-60Hz,2.2kg,2years,4-65°C,,,,27 x 19 x 20 cm,,,,,,,,,24rpm,27 x 19 cm ,,,,,,,,,,,,,,,,,,,,,,,±20°,,,,,,,,2kg,,,,,,,,,,,,,,,,,,,,,,,,,,,B3D-STACK-D;B3D-FLAT;B0718;,shaker,3d_nutating_shake,
B3D1008,B3D1008-E,,,,,,,,,,"115,230V",50W,50-60Hz,2kg,2years,4-45°C,,,,27 x 19 x 20 cm,,,,,,,,,12rpm,27 x 19 cm ,,,,,,,,,,,,,,,,,,,,,,,±8°,,,,,,,,,,,,,,,,,,,,,,,,,,,,,,,,,,,B3D-STACK;B3D-DIMPLED;B0718,rocker,3d rocker,
B3D1308,B3D1308-E,,,,,,,,,,"115,230V",50W,50-60Hz,2kg,2years,4-45°C,,,,30 x 30 x 20 cm,,,,,,,,,12rpm,30 x 30 cm,,,,,,,,,,,,,,,,,,,,,,,,,,,,,,,,,,,,,,,,,,,,,,,,,,,,,,,,,,B0718;BR1000-STACK;BR1000-DIMPLED,rocker,3d rocker,
B3D1320,,,,,,,,,,,,,,,,,,,,,,,,,,,,,,,,,,,,,,,,,,,,,,,,,,,,,,,,,,,,,,,,,,,,,,,,,,,,,,,,,,,,,,,,,shaker,3d_nutating_shake,
B3D-DIMPLED,,,,,,,,,,,,,,,,,,,,,,,,,,,,,,,,,,,,,,,,,,,,,,,,,,,,,,,,,,,,,,,,,,,,,,,,,,,,,,,,,,,,,,,,,accesory,rocker,
B3D-FLAT,,,,,,,,,,,,,,,,,,,,,,,,,,,,,,,,,,,,,,,,,,,,,,,,,,,,,,,,,,,,,,,,,,,,,,,,,,,,,,,,,,,,,,,,,accesory,shaker,
Incubators,,,,,,,,,,,,,,,,,,,,,,,,,,,,,,,,,,,,,,,,,,,,,,,,,,,,,,,,,,,,,,,,,,,,,,,,,,,,,,,,,,,,,,,,,,,
H3550-45,H3550-45-E,,,,,,,,,,"120,230V",350W,50-60Hz,35kg,,5-60°C,,33.5 x 36.1 x 39.2 cm,± 0.4°C,42 x 46.5 x 55.3 cm,,,0.1°C,0.1°C,,0.1°C,,,,,45L,Stainless Steel 316,,,0-20%,0.10%,± 0.1%,Dual Beam IR,125°C for 8 hours,Up to 95%,2,,,,,,,,,,,,,,,,,,,,,,,,,,,,,,,,,,,,,,,,,,,,,,,H3550-45-SH;H3550-180-SH;H3550-45-SK;H3550-180-SK;H2300-REG;BT4001;BT4011*,incubator,co2_incubator,
H3550-180,H3550-180-E,,,,,,,,,,"120,230V",350W,50-60Hz,78 kg,,5-60°C,,47.3 x 52.8 x 71 cm,± 0.4°C,56 x 66.5 x 94.5 cm,,,0.1°C,0.1°C,,0.1°C,,,,,180L,Stainless Steel 317,,,0-20%,0.10%,± 0.1%,Dual Beam IR,125°C for 8 hours,Up to 95%,6,,,,,,,,,,,,,,,,,,,,,,,,,,,,,,,,,,,,,,,,,,,,,,,H3550-45-SH;H3550-180-SH;H3550-45-SK;H3550-180-SK;H2300-REG;BT4001;BT4011*,incubator,co2_incubator,
H3551-45P,H3551-45P-E,,,,,,,,,,"120,230V",350W,50-60Hz,35kg,,5-60°C,,33.5 x 36.1 x 39.2 cm,± 0.4°C,42 x 46.5 x 55.3 cm,,,0.1°C,0.1°C,,0.1°C,,,,,45L,Stainless Steel 318,,,0-20%,0.10%,± 0.1%,Dual Beam IR,125°C for 8 hours,Up to 95%,2,,,,,,,,,,,,,,,,,,,,,,,,,,,,,,,,,,,,,,,,,,,,,,,H3550-45-SH;H3550-180-SH;H3550-45-SK;H3550-180-SK;H2300-REG;BT4001;BT4011*,incubator,co2_incubator,
H3551-180P,,,,,,,,,,,"120,230V",350W,50-60Hz,78 kg,,5-60°C,,47.3 x 52.8 x 71 cm,± 0.4°C,56 x 66.5 x 94.5 cm,,,0.1°C,0.1°C,,0.1°C,,,,,180L,Stainless Steel 319,,,0-20%,0.10%,± 0.1%,Dual Beam IR,125°C for 8 hours,Up to 95%,6,,,,,,,,,,,,,,,,,,,,,,,,,,,,,,,,,,,,,,,,,,,,,,,H3550-45-SH;H3550-180-SH;H3550-45-SK;H3550-180-SK;H2300-REG;BT4001;BT4011*,incubator,co2_incubator,
H2200-H,H2200-H-E,,,,,,,,,,100-240V,,50-60Hz,6.5kg,2years,5-60°C,,26 x 23.5 x 32.5 cm,±1.5°C (at 37°C),33.5 x 37 x 47.5 cm,,,,0.5°C (at 37°C),,1°C,,,,23.5 x 29 cm,,,,,,,,,,,,20L,,,,,,,,,,,,,,,,,,,,,,,,,,,,,,,,,,,,,,,,, Minimum temperature is approx. 7°C in 22°C room temp.,,,,,H3D1020;H3D1020-E;H2200-SH,incubator,digital_incubator,
H2200-HC,H2200-HC-E,,,,,,,,,,100-240V,,50-60Hz,6.5kg,2years,-15-60°C,,27 x 23.5 x 32.5 cm,±1.5°C (at 37°C),33.5 x 37 x 47.5 cm,,,,0.5°C (at 37°C),,1°C,,,,23.5 x 29 cm,,,,,,,,,,,,,,,,,,,,,,,,,,,,,,,,,,,,,,,,,,,,,,,,,,,,, Minimum temperature is approx. 7°C in 22°C room temp.,,,,,H3D1020;H3D1020-E;H2200-SH,incubator,digital_incubator,
H2505-40,H2505-40-E,,,,,,,,,,"120,230V",420W,50-60Hz,42 kg,,5-75°C,,35 x 35 x 35 cm,±0.25°C,57 x 59.2 x 58 cm,,,0.1°C,±0.25°C,,0.1°C,,,,,,Stainless Steel 316,,,,,,,,,,,,,1 min. to 48 hours / continuous,,,,,,,,,,,,,,,,,,,,,,,,,,,,,,,,,,,,,,,,,,,H2505-40SH,incubator,precision_incubator,
H2505-70,H2505-70-E,,,,,,,,,,"120,230V",520W,50-60Hz,62kg,,5-75°C,,45 x 35 x 45 cm,±0.25°C,67 x 59.2 x 68 cm,,,0.1°C,±0.25°C,,0.1°C,,,,,,Stainless Steel 316,,,,,,,,,,,,,1 min. to 48 hours / continuous,,,,,,,,,,,,,,,,,,,,,,,,,,,,,,,,,,,,,,,,,,,H2505-70SH,incubator,precision_incubator,
H2505-130,H2505-130-E,,,,,,,,,,"120,230V",670W,50-60Hz,70kg,,5-75°C,,55 x 45 x 55 cm,±0.25°C,77 x 69.2 x 78 cm,,,0.1°C,±0.25°C,,0.1°C,,,,,,Stainless Steel 316,,,,,,,,,,,,,1 min. to 48 hours / continuous,,,,,,,,,,,,,,,,,,,,,,,,,,,,,,,,,,,,,,,,,,,H2505-130SH,incubator,precision_incubator,
H2265-HC,H2265-HC-E,,,,,,,,,,"120,230V",385W,50-60Hz,53 kg,2 Years,0-60°C,,40 x 32.4 x 50.2 cm,± 1.0°C (at 37°C),54 x 53.34 x 99.85 cm,,,,0.5°C (at 37°C),,,,,,,,,,,,,,,,,,65L,,30 bottles (300ml),,,,,,,,,,,,,,,,,,,,,,,,,,,,,,,,,,,,,,,,,,,,H2265-SH,incubator,digital_incubator,
H2300-HC2,H2300-HC2-E,,,,,,,,,,100-240V,,50-60Hz,6.5 kg,2 Years, -10°C-55°C,,26 x 23.5 x 32.5 cm,0.5°C (at 37°C),33.5 x 37 x 47.5 cm,,,,0.25°C (at 37°C),,0.1°C,,,,,,,,,0-20%,,0.1% (at 5%),Dual beam infrared,,70-80%,,20L,,,,,,,,,,,,,,,,,,,,,,,,,,,,,,,,,,,,,,,,,,,,,,H2300-REG,incubator,co2_incubator,
H3D1020,,,,,,,,,,,,,,,,,,,,,,,,,,,,,,,,,,,,,,,,,,,,,,,,,,,,,,,,,,,,,,,,,,,,,,,,,,,,,,,,,,,,,,,,,rocker,,
Homogenizers,,,,,,,,,,,,,,,,,,,,,,,,,,,,,,,,,,,,,,,,,,,,,,,,,,,,,,,,,,,,,,,,,,,,,,,,,,,,,,,,,,,,,,,,,,,
D1030,D1030-E,,,,,,,,,,,,,2.2kg,2 Years,,,,,17x21x13.5cm,,,,,,,,,2700-4000rpm,,,,,,,,,,,,,3 x 2.0ml (Screw Cap/Non-Skirted),,,3 sec. to 3 min.,,,,,,,,,,,,,,,,,,,,,,,,,,,,,,,,,,,,,,,,,,,D1031-01;D1031-05;D1031-10;D1032-01;D1032-05;D1032-10;D1032-15;D1032-30;D1032-SK;D1033-28,homogenizer,,
D1036,D1036-Е,,,,,,,,,,100-240V,,50-60Hz,9kg,2 Years,,,,,22 x 35.5 x 20.5 cm,,,,,,,,,4.0-7.0 m/s,,,,,,,,,,,,,"6 x 2.0ml,2 x 5.0ml",,,,,,,1-90sec,0-90 sec. (1 sec. increments),10,<65 db,,,,,,,,,,,,,0.05 m/s,,,,,,,,,,,,,,,,,,,,,,,D1031-01;D1031-05;D1031-10;D1032-01;D1032-05;D1032-10;D1032-15;D1032-30;D1032-SK;D1032-60;D1034-MX;D1034-28,homogenizer,,
D2400,D2400-E,,,,,,,,,,100-240V,,50-60Hz,25kg,2 Years,,,,,28 x 36 x 38.5 cm,up to 50,,,,,,,,4.0-7.0 m/s (0.05 m/s increments),,,,,,,,,,,,,24 x 2.0ml,,,,,,,1-90 sec. (up to 90 sec.),0-2 min. (1 sec. increments),10,<68 db,,,,,,,,,,,<2 sec.,<2 sec.,,,,,,,,,,,,,,,,,,,,,,,,D1031-01;D1031-05;D1031-10;D1032-01;D1032-05;D1032-10;D1032-10;D1032-30;D1032-SK;D1033-28;D1034-28,homogenizer,,
D1000,D1000-E,,,,,,,,,,"115V,230V",,"60Hz,50HZ",0.62kg,2 years,4-65°C,,,,4.5 x 5.8 x 22.5 cm,,,,,,,,,"8500-30,000rpm",,,,,,,,,,,,,0.1 to 250ml,,,,,,,,,,<70 db,,,,,,,,,,,,,,,,,,,,,,,,,,,,,,,,,,,,D1000-M10;D1000-M14;D1000-M5;D1000-M7;D1000-ST,homogenizer,,
Rolers and Rotators,,,,,,,,,,,,,,,,,,,,,,,,,,,,,,,,,,,,,,,,,,,,,,,,,,,,,,,,,,,,,,,,,,,,,,,,,,,,,,,,,,,,,,,,,,,
R2020,R2020-E,,,,,,,,,,115-230V,0.5A,50-60Hz,1.4kg,2 years,,,,,27.5 x 15.2 x 16.5cm,,,,,,,,,24rpm,,,,,,,,,,,,,,,,,,,,,,,,,,,,,,,,,,,,,,,,,,,,,,,,,,,,,,,,,,,R2020-1520;R2020-0507;R2020-150;R2020-500;R2020-PCR;R2020-RP,rotator,,
R2024,R2024-E,,,,,,,,,Mix;Pause;Rock,100-240V,0.5A,50-60Hz,1.4kg,2 years,,,,,27.5 x 15.2 x 16.5cm,,,,,,,,,5 to 70rpm,,,,,,,,,,,,,,,,,,,,,,,,,,,,,,,,,,,,,,,,,,,,,,,,,,,,,,,,,,,R2020-1520;R2020-0507;R2020-150;R2020-500;R2020-PCR;R2020-RP,rotator,,
R5010,R5010-E,,,,,,,,,,100-240V,25W,50-60Hz,3.2kg,2 years,4-60°C,,,,21 x 27 x 32cm,,,,,,,,,1-40 rpm,,,,,,,,,,,,,"12 x 50ml, 20 x 15ml or 48 x 2.0ml",,,1s-99h 59 min / Continuous,,,,,,,,0° to 90°,,,,,,,,,,,,,,,,,,,,,,,,,,,,,,,,,,,,,,
R4040,R4040-E,,,,,,,,,,100-240V,3A,50-60Hz,1.8kg,2 years,2-70°C,,,,29 x 13.7 x 19.9cm,,,,,,,,,1 to 65 rpm,,,,,,,,,,,,,"6 x 50, 10 x 15, or 60 x 1.5ml",,,1s-99h 59 min / Continuous,,,,,,,,,,,,,,,,,,,,,,,,,,,,,,,,,,,,,,,,,,,R4040-RP;R4045-RP2,rotator,,
R4045,R4045-E,,,,,,,,,,100-240V,3A,50-60Hz,2.27kg,2 years,2-70°C,,,,41 x 13.7 x 19.9cm,,,,,,,,,1 to 65 rpm,,,,,,,,,,,,,"12 x 50, 22 x 15 or 84 x 1.5ml",,,1s-99h 59 min / Continuous,,,,,,,,,,,,,,,,,,,,,,,,,,,,,,,,,,,,,,,,,,,R4040-RP;R4045-RP2,rotator,,
H2020,H2020-Е,,,,,,,,,,"115,230V",0.5A,50-60Hz,4kg,2 years,5-60°C,,,,29.5 x 21.6 x 22.9cm,,,,,,,,,24rpm,,,,,,,,,,,,,,,,,,,,,,,,,,,,,,,,,,,,,,,,,,,,,,,,,,,,,,,,,,,R2020-1520;R2020-0507;R2020-150;R2020-500;R2020-PCR;R2020-RP,rotator;incubator,,
H2024,H2024-Е,,,,,,,,,Mix;Pause;Rock,100-240V,0.5A,50-60Hz,4.5kg,2 years,5-60°C,,,,29.5 x 21.6 x 22.9cm,,,,,,,,,5 to 70rpm,,,,,,,,,,,,,,,,,,,,,,,,,,,,,,,,,,,,,,,,,,,,,,,,,,,,,,,,,,,R2020-1520;R2020-0507;R2020-150;R2020-500;R2020-PCR;R2020-RP,rotator;incubator,,
R3005,R3005-E,,,,,,,,,Simultaneous roll & tilt,"115,230V",,50-60Hz,5kg,2 years,4-40°C,,,,45 x 18 x 9 cm,,,,,,,,,38 rpm (±10%),,,,,,,,,,,,,,,,,,,,,,,,±5°,,5,3 x 32 cm,5mm (rollers are on 35mm centers),,,,,,,,,,,,,,,,,,,,,,,,,,,,,,,,,,
R3010,R3010-E,,,,,,,,,Simultaneous roll & tilt,"115,230V",,50-60Hz,8kg,2 years,4-40°C,,,,45x 36 x 9 cm,,,,,,,,,38 rpm (±10%),,,,,,,,,,,,,,,,,,,,,,,,±5°,,10,3 x 32 cm,5mm (rollers are on 35mm centers),,,,,,,,,,,,,,,,,,,,,,,,,,,,,,,,,,
Orbital shakers,,,,,,,,,,,app,,,,,,,,,,,,,,,,,,,,,,,,,,,,,,,,,,,,,,,,,,,,,,,,,,,,,,,,,,,,,,,,,,,,,,,,,,,,,,,,
BT4001,BT4001-E,,,,,,,,,,"120V,230V",600W,50-60Hz,11.25kg,2 years,0-65°C,,,,47 x 54 x 12.5 cm,,,,,,,,,30-300 rpm,33x30cm (Included),,,,,,,,,,,,6 kg,,,,,,,,,,,,,,,,8mm to 200mm (diameter),19mm,154 cm,,,,,1rpm,,,,,,,,,,,,,,,,,,,,,,,BT3000-MR;BT4010-MR;H1010-MR;H1000-P-MP;H1000-P-MP;H1000-P-250;H1000-P-500;H1000-P-SP;H1000-MR-CMB;H1000-MR-50;H1000-MR-125;H1000-MR-250;H1000-MR-500;H1000-MR-1000;H1000-MR-2000;H1000-MR-MP;H1000-MR-1550;H1000-MR-T15;H1000-MR-T50;H1000-MR-T50;H1000-MR-T600;H1000-MR-T15H;H1000-MR-T150H;H1000-MR-T500H;H1000-MR-TSR,,,
BT4011,BT4011-E,,,,,,,,,,"120V,230V",600W,50-60Hz,11.25kg,2 years,0-65°C,,,,47 x 54 x 12.5 cm,,,,,,,,,30-300 rpm,33x30cm (Included),,,,,,,,,,,,6 kg,,,,,,,,,,,,,,,,8mm to 200mm (diameter),19mm,154 cm,,,,,1rpm,,,,,,,,,,,,,,,,,,,,,,,BT3000-MR;BT4010-MR;H1010-MR;H1000-P-MP;H1000-P-MP;H1000-P-250;H1000-P-500;H1000-P-SP;H1000-MR-CMB;H1000-MR-50;H1000-MR-125;H1000-MR-250;H1000-MR-500;H1000-MR-1000;H1000-MR-2000;H1000-MR-MP;H1000-MR-1550;H1000-MR-T15;H1000-MR-T50;H1000-MR-T50;H1000-MR-T600;H1000-MR-T15H;H1000-MR-T150H;H1000-MR-T500H;H1000-MR-TSR,,,
BT30,BT30-E,,,,,,,,,,"120V,230V",50W,50-60Hz,3.4kg,2 years,4-45°C,,,,35.5 x 30.5 x 20 cm,,,,,,,,,3-70 rpm,35 x 30 cm,,,,,,,,,,,,3 x 2L,,,,,,,,,,,,,,,,,19mm,,,,,,,,,,,,,,,,,,,,,,,,,,,,,BR2000-STACK;BR2000-SP        ,shaker,orbital_shaker,
BT1011,BT1011-Е,,,,,,,,,,"115V,230V",450W,50-60Hz,30kg,2 years,,,,,47 x 54 x 12.5 cm,,,,,,,,,30-300 rpm,45 x 45 cm,,,,,,,,,,,,5 x 2L or 9 x 1L,,,,,,,,,,,,,,,,,19mm,,30kg,,,,1rpm,,,,,,,,,,,,,,,,,,,,,,,H1010-MR;H1000-P-SP;H1000-P-MP;H1000-MR-CMB;H1000-MR-50;H1000-MR-125;H1000-MR-250;H1000-MR-500;H1000-MR-1000;H1000-MR-2000;H1000-MR-MP;H1000-MR-1550;H1000-MR-T15;H1000-MR-T50;H1000-MR-T50;H1000-MR-T600;H1000-MR-T15H;H1000-MR-T150H;H1000-MR-T500H;H1000-MR-TSR,,,
BT3001,BT3001-Е,,,,,,,,,,"120V,230V",600W,50-60Hz,11.25kg,2 years,4-65°C,,,,28 x 33x 7.5 cm,,,,,,,,,30-300 rpm,33x30cm (Included),,,,,,,,,,,,5 x 1L,,,,,,,,,,,,,,,,,19mm,,,,,,1rpm,,,,,,,,,,,,,,,,,,,,,,,BT3000-MR;H1000-P-SP;H1000-P-MP;H1000-P-125;H1000-P-250;H1000-P-500;H1000-MR-CMB;H1000-MR-50;H1000-MR-125;H1000-MR-250;H1000-MR-500;H1000-MR-1000;H1000-MR-2000;H1000-MR-MP;H1000-MR-1550;H1000-MR-T15;H1000-MR-T50;H1000-MR-T50;H1000-MR-T600;H1000-MR-T15H;H1000-MR-T150H;H1000-MR-T500H;H1000-MR-TSR,,,
BT302,BT302-E,,,,,,,,,,100-240V,250W,50-60Hz,5.5kg,2 years,4-65°C,,,,33 x 30 x 12 cm,,,,,,,,,50-300 rpm,24x20cm (Included),,,,,,,,,,,,4 x 1L,,,1min up to 99h / continuous,,,,,,,,,,,,,,19mm,,,,,,10rpm,,,,,,,,,,,,,,,,,,,,,,,H1000-MR;BT300-RB,shaker,orbital_shaker,
BT1502,BT1502-E,,,,,,,,,,100-240V,250W,50-60Hz,5.5kg,2 years,4-65°C,,,,33 x 30 x 12 cm,,,,,,,,,200-1500 rpm,,,,,,,,,,,,,Up to 4 microplates,,,,,,,,,,,,,,,,,3mm,,,,,,,,,,,,,,,,,,,,,,,,,,,,,BT1500-A1520;BT1500-A05,shaker,orbital_shaker,
Shaking incubators,,,,,,,,,,,,,,,,,,,,,,,,,,,,,,,,,,,,,,,,,,,,,,,,,,,,,,,,,,,,,,,,,,,,,,,,,,,,,,,,,,,,,,,,,,,
H1001-M,H1001-M-E,,,,,,,,,,"115V,230V",300W,50-60Hz,11.5kg,2 years,4-65°C,,,±0.25°C,28 x 48 x 33 cm,,5-70°C,,±0.1°C,,0.1°C,,,30-300rpm,28 x 41 x 33 cm,,,,,,,,,,,,,,,1min-48h / continuous,,,,,,,,,,,,,,19mm,,,,,,1rpm,,,,,,,,,,,,,,,,,,,,,,,H1000-MR;H1000-P-MP;H1000-P-SP;H1000-MR-CMB;H1000-MR-25;H1000-MR-50;H1000-MR-125;H1000-MR-250;H1000-MR-500;H1000-MR-1000;H1000-MR-MP;H1000-MR-1550;H1000-MR-T15;H1000-MR-T50;H1000-MR-T600;H1000-MR-T15H;H1000-MR-TSR,incubator;shaker,incu_shaker,
H2010,H2010-E,,,,,,,,,,"115V,230V",450W,50-60Hz,55kg,2 years,5-60°C,,,±1.25°C,51 x 65 x 47 cm,,,,±0.1°C,,0.1°C,,,30-300 rpm,45 x 45 cm,,,,,,,,,,,,,,,1min-48h / continuous,,,,,,,,,,,,,,19mm,,,,,,1rpm,,,,,,,,,,,,,,,,,,,,,,,H1010-MR;H1010-P-SP;H1010-P-MP;H1010-SH;H1000-MR-CMB;H1000-MR-25;H1000-MR-50;H1000-MR-125;H1000-MR-250;H1000-MR-500;H1000-MR-1000;H1000-MR-2000;H1000-MR-3000;H1000-MR-MP;H1000-MR-1550;H1000-MR-T15;H1000-MR-T50;H1000-MR-T600;H1000-MR-T15H;H1000-MR-T150H;H1000-MR-T50H;H1000-MR-TSR,incubator;shaker,incu_shaker,
H2012,H2012-E,,,,,,,,,,"115V,230V",450W,50-60Hz,55kg,2 years,-15-60°C,,,"
1.25°C",51 x 79 x 56 cm,,,,±0.1°C,,0.1°C,,,30-300 rpm,45 x 45 cm,,,,,,,,,,,,,,,1min-48h / continuous,,,,,,,,,,,,,,19mm,,,,,,1rpm,,,,,,,,,,,,,,,,,,,,,,,H1010-MR;H1010-P-SP;H1010-P-MP;H1010-SH;H1000-MR-CMB;H1000-MR-25;H1000-MR-50;H1000-MR125;H1000-MR-250;H1000-MR-500;H1000-MR-1000;H1000-MR-2000;H1000-MR-3000;H1000-MR-MP;H1000-MR-1550;H1000-MR-T15;H1000-MR-T50;H1000-MR-T600;H1000-MR-TSR,,,
H3501,H3501-E,,,,,,,,,,"120V,230V",350W,50-60Hz,40.1kg,,5-60°C,,33.5x26x39.2cm,± 0.5°C,42 x 46.5 x 55.3 cm,,,,0.1°C,,0.1°C,,,30-300 rpm,28 x 41 x 33 cm,46L,Stainless Steel (316),,,0-20%,0.10%,± 0.1%,Dual Beam IR,,,,,,,1min-48h / continuous,,,,,,,,,,,,,,19mm,,,,,,1rpm,,,,,,,,,,,,,,,,,,,,,,,H1000-MR;H1000-P-SP;H1000-P-MP;H1000-P-125;H1000-P-250;H1000-P-500;H2300-REG;H1000-MR-CMB;H1000-MR-25;H1000-MR-50;H1000-MR-125;H1000-MR-250;H1000-MR-500;H1000-MR-1000;H1000-MR-MP;H1000-MR-1550;H1000-MR-T15;H1000-MR-T50;H1000-MR-T600;H1000-MR-T15H;H1000-MR-T150H;H1000-MR-T500H;H1000-MR-TSR,incubator;shaker,incu_shaker;co2_incubator,
H5000-HC,H5000-HC-E,,,,,,,5.0°C per. min,2.5°C per. min,,"115V,230V",500W,50-60Hz,8kg,2 years,-20-100°C,,,,21 x 29 x 21 cm,,,,±1.0°C,,0.1°C,,,200-1500 rpm,,,,,,,,,,,,,Per Selected Block,,,1min-99h 99min. / continuous,,,,,,,,,,,,,,3mm,,,,,,10rpm,,,,,,,,,,,,,,,,,,The larger mass of this block results in a temperature range of ambient -10° to 100°C,,,,,H5000-02;H5000-05;H5000-CMB;H5000-15;H5000-20;H5000-12;H5000-150;H5000-500;H5000-MP;H5000-DWMP;H5000-WB;H5000-1232;H5000-025;H5000-CU,,,
H5000-H,H5000-H-E,,,,,,,5.0°C per. min,2.5°C per. min,,"115V,230V",500W,50-60Hz,8kg,2 Years,5-100°C,,,,21 x 29 x 21 cm,,,,,,0.1°C,,,200-1500 rpm,,,,,,,,,,,,,Per Selected Block,,,1min-99h 99min. / continuous,,,,,,,,,,,,,,3mm,,,,,,10rpm,,,,,,,,,,,,,,,,,,The larger mass of this block results in a temperature range of ambient -10° to 100°C,,,,,H5000-02;H5000-05;H5000-CMB;H5000-15;H5000-20;H5000-12;H5000-150;H5000-500;H5000-MP;H5000-DWMP;H5000-WB;H5000-1232;H5000-025;H5000-CU,shaker,,
H6002,H6002-E,,,,,,,,,,100-240V,500W,50-60Hz,8kg,2 years,5-70°C,,,±0.5°C,28 x 27 x 14 cm,,,,"
0.2°C",,0.1°C,,,100-1200rpm,,,,,,,,,,,,,,,,1min-99h 99min. / continuous,,,,,,,,,,,,,,2mm,,,,,,10rpm,,,,,,,,,,,,,,,,,,,,,,,BT1500-A1520;BT1500-A05,vortexer,,
H6004,H6004-E,,,,,,,,,,"115V,230V",600W,50-60Hz,8kg,2 years,5-70°C,,,±0.5°C,32 x 35 x 18.5 cm,,,,±0.2°C,,0.1°C,,,100-1500rpm,,,,,,,,,,,,,,,,1min-99h 99min. / continuous,,,,,,,,,,,,,,2mm,,,,,,10rpm,,,,,,,,,,,,,,,,,,,,,,,BT1500-A1520;BT1500-A05,incubatir;vortexer,,
H1012,,,,,,,,,,,,,,,,,,,,,,,,,,,,,,,,,,,,,,,,,,,,,,,,,,,,,,,,,,,,,,,,,,,,,,,,,,,,,,,,,,,,,,,,,incubator;shaker,incu_shaker,
BT1500-A05,,,,,,,,,,,,,,,,,,,,,,,,,,,,,,,,,,,,,,,,,,,,,,,,,,,,,,,,,,,,,,,,,,,,,,,,,,,,,,,,,,,,,,,,,,incubator;shaker,
Temperature Contorl Baths,,,,,,,,,,,,,,,,,,,,,,,,,,,,,,,,,,,,,,,,,,,,,,,,,,,,,,,,,,,,,,,,,,,,,,,,,,,,,,,,,,,,,,,,,,,
BSH1001,BSH1001-E,,,,,,,,,,"120V,230V",,50-60Hz,,2 years,5-150°C,,,± 0.2°C,20 x 23 x 8 cm,,,,0.2°C,,0.1°C,,,,,,,,,,,,,,,,,,,1-999 min,,,,,,,,,,,,,,,,,,,,,,,,,,,,,,,,,,,,,,"*Tall block, prevents use with lid",,,,,BSWCMB;BSW1500;BSW1520;BSW05;BSW15;BSW50;BSW10;BSW13;BSWBCT;BSW1516;BSW02;BSW5MT;BSWPCR2;BSWPCR1;BSWMT;BSW01;BSWNMR,temperature_control_bath,digital_dry_bath,
BSH1002,BSH1002-E,,,,,,,,,,"120V,230V",,50-60Hz,,2 years,5-150°C,,,± 0.2°C,22 x 26 x 8 cm,,,,0.2°C,,0.1°C,,,,,,,,,,,,,,,,,,,1-999 min,,,,,,,,,,,,,,,,,,,,,,,,,,,,,,,,,,,,,,"*Tall block, prevents use with lid",,,,,BSWCMB;BSW1500;BSW1520;BSW05;BSW15;BSW50;BSW10;BSW13;BSWBCT;BSW1516;BSW02;BSW5MT;BSWPCR2;BSWPCR1;BSWMT;BSW01;BSWNMR,temperature_control_bath,digital_dry_bath,
BSH1004,BSH1004-E,,,,,,,,,,"120V,230V",,50-60Hz,,2 years,5-130°C,,,± 0.2°C,22 x 35.5 x 8 cm,,,,0.2°C,,0.1°C,,,,,,,,,,,,,,,,,,,1-999 min,,,,,,,,,,,,,,,,,,,,,,,,,,,,,,,,,,,,,,"*Tall block, prevents use with lid",,,,,BSWCMB;BSW1500;BSW1520;BSW05;BSW15;BSW50;BSW10;BSW13;BSWBCT;BSW1516;BSW02;BSW5MT;BSWPCR2;BSWPCR1;BSWMT;BSW01;BSWNMR,temperature_control_bath,digital_dry_bath,
BSH5001-1B,BSH5001-1B-E,,,,,,,,,,"120V,230V",,50-60Hz,4.5kg,2 years,5-105°C,,,± 0.3°C,18 x 25 x 13 cm,,,,0.1°C,,0.1°C,,,,,,,,,,,,,,,,,,,1min-48h / continuous,,,,,,,,,,,,,,,,,,,,,,,,,,,,,,,,,,,,,,,,,,,BSH-TP1;BSWCMB;BSW1500;BSW1520;BSW05;BSW15*;BSW50*;BSW108;BSW13*;BSWBCT**;BSW1516*;BSW02;BSW5MT;BSWPCR2;BSWPCR1;BSWMT;BSW01;BSWHEM*;BSWNMR,temperature_control_bath,digital_dry_bath,
BSH5002-2B,BSH5002-2B-E,,,,,,,,,,"120V,230V",,50-60Hz,4kg,2 years,5-105°C,,,± 0.3°C,16 x 36.5 x 13 cm,,,,0.1°C,,0.1°C,,,,,,,,,,,,,,,,,,,1min-48h / continuous,,,,,,,,,,,,,,,,,,,,,,,,,,,,,,,,,,,,,,,,,,,BSH-TP1;BSWCMB;BSW1500;BSW1520;BSW05;BSW15*;BSW50*;BSW108;BSW13*;BSWBCT**;BSW1516*;BSW02;BSW5MT;BSWPCR2;BSWPCR1;BSWMT;BSW01;BSWHEM*;BSWNMR,temperature_control_bath,digital_dry_bath,
BSH5001,BSH5001-E,,,,,,,,,,"120V,230V",,50-60Hz,4.5kg,2 years,5-105°C,,,± 0.3°C,18 x 25 x 13 cm,,,,0.1°C,,0.1°C,,,,,,,,,,,,,,,,,,,1min-48h / continuous,,,,,,,,,,,,,,,,,,,,,,,,,,,,,,,,,,,,,,,,,,,BSH-TP1;BSWCMB;BSW1500;BSW1520;BSW05;BSW15*;BSW50*;BSW108;BSW13*;BSWBCT**;BSW1516*;BSW02;BSW5MT;BSWPCR2;BSWPCR1;BSWMT;BSW01;BSWHEM*;BSWNMR,temperature_control_bath,digital_dry_bath,
BSH5002,BSH5002-E,,,,,,,,,,"120V,230V",,50-60Hz,4kg,2 years,5-105°C,,,± 0.3°C,16 x 36.5 x 13 cm,,,,0.1°C,,0.1°C,,,,,,,,,,,,,,,,,,,1min-48h / continuous,,,,,,,,,,,,,,,,,,,,,,,,,,,,,,,,,,,,,,,,,,,BSH-TP1;BSWCMB;BSW1500;BSW1520;BSW05;BSW15*;BSW50*;BSW108;BSW13*;BSWBCT**;BSW1516*;BSW02;BSW5MT;BSWPCR2;BSWPCR1;BSWMT;BSW01;BSWHEM*;BSWNMR,temperature_control_bath,digital_dry_bath,
BSH200,BSH200-E,,,,,,,,,,100-240V,50W,50-60Hz,1kg,2 years,,,4.7 x 7.1 x 3.2 cm,±0.2°C,10.5 x 15 x 11.5cm,,RT +5-100°C,,±0.5°C,<20min(20-100°C);N/A(0-20°C),0.1°C,,,,,,,,,,,,,,,,,,,,,,,,,,,,,,,,,,,,,,,,,,,,,,,,,,,,,,,,,,,,,,BSH100-A12;BSH100-02;BSH100-05;BSH100-15;BSH100-1520;BSH100-5MT;BSH100-150;BSH100-500;BSH100-1232;BSH100-1213;BSH100-CV,,,
BSH300,BSH300-E,,,,,,,,,,100-240V,50W,50-60Hz,1kg,2 years,,,4.7 x 7.1 x 3.2 cm,±0.2°C,11 x 16.2 x 14cm,,RT -25-100°C,,±0.5°C,<20min(20-100°C);<25min(0-20°C),0.1°C,,,,,,,,,,,,,,,,,,,,,,,,,,,,,,,,,,,,,,,,,,,,,,,,,,,,,,,,,,,,,,BSH100-A12;BSH100-02;BSH100-05;BSH100-15;BSH100-1520;BSH100-5MT;BSH100-150;BSH100-500;BSH100-1232;BSH100-1213;BSH100-CV,temperature_control_bath,mini_dry_bath,
BSH200-HL,,,,,,,,,,,100-240V,50W,50-60Hz,1kg,2 years,5-100°C,,4.7 x 7.1 x 3.2 cm,± 0.2°C,10.5 x 15 x 11.5cm,,,, ±0.3°C,,0.1°C,,,,,,,,,,,,,,,,,,,,,,,,,,,,,,,,,,,,,,,,,,,,,,,,,,,,,,,,,,,,,,BSH100-02;BSH100-05;BSH100-15HL,temperature_control_bath,mini_dry_bath,
BSH6000,,,,,,,,,,,"120V,230V",,50-60Hz,"4.5kg,4kg",2 years,5-105°C,,,± 0.2°C,16 x 36.5 x 13 cm,,,,0.3°C,,0.1°C,,,,,,,,,,,,,,,,,,,Off or 1 min. to 99 hr 59 min.,,,,,,,,,,,,,,,,,,,,,,,,,,,,,,,,,,,,,,,,,,,BSWCMB;BSW1500;BSW1520;BSW05;BSW15*;BSW50*;BSW10;BSW13*;BSWBCT**;BSW5MT;BSW1516*;BSW02;BSWPCR1;BSWMT;BSWHEM;BSWNMR;BSW01-DR,temperature_control_bath,mini_dry_bath,
B2000-2-E,,,,,,,,,,,"115V,230V",,50-60Hz,2.0 kg,,5-105°C,,5.5x6x4in,± 0.2°C at 37°C,6.5 x 8 x 6 in,,,,0.2°C,,1.0°C,,,,,,,,,,,,,,,,,,,,,,,,,,,,,,,,,,,,,,,,,,,,,,,,,,,,,,,,,,,,,,B2000-4-T5;B2000-4-T1520;B2000-4-T150;B2000-4-T500;B2000-8-T150;B2000-8-500,temperature_control_bath,,
B2000-4-E,,,,,,,,,,,"115V,230V",,50-60Hz,6.5 kg,,5-105°C,,5.3 x 9.4 x 5.5 in,± 0.2°C at 37°C,7.7 x 13.9 x 9 in,,,,0.2°C,,0.1°C,,,,,,,,,,,,,,,,,,,,,,,,,,,,,,,,,,,,,,,,,,,,,,,,,,,,,,,,,,,,,,B2000-4-T5;B2000-4-T1520;B2000-4-T150;B2000-4-T500;B2000-8-T150;B2000-8-500,temperature_control_bath,,
B2000-8-E,,,,,,,,,,,"115V,230V",,50-60Hz,8 kg,,5-100°C,,10.4 x 12.8 x 5.9in,± 0.2°C at 37°C,10.5 x 17.5 x 12.4 in,,,,0.5°C,,0.1°C,,,,,,,,,,,,,,,,,,,,,,,,,,,,,,,,,,,,,,,,,,,,,,,,,,,,,,,,,,,,,,B2000-4-T5;B2000-4-T1520;B2000-4-T150;B2000-4-T500;B2000-8-T150;B2000-8-500,temperature_control_bath,,
B2000-12-E,,,,,,,,,,,"115V,230V",,50-60Hz,8 kg,,5-100°C,,12.8 x 10.4 x 7.9 in,± 0.2°C at 37°C,10.7 x 17.5 x 16.2in,,,,0.5°C,,0.1°C,,,,,,,,,,,,,,,,,,,,,,,,,,,,,,,,,,,,,,,,,,,,,,,,,,,,,,,,,,,,,,B2000-4-T5;B2000-4-T1520;B2000-4-T150;B2000-4-T500;B2000-8-T150;B2000-8-500,temperature_control_bath,,
SB0012,,,,,,,,,,,"115V,230V",,50-60Hz,6.5 kg,2 years,5-80°C,,30 x 24 x 15.25 cm.,± 0.2°C at 37°C,31 x 34.5 x 30 cm,,,,±0.3°C (at 37°C),,0.1°C,,,30 to 200 rpm,,,Stainless Steel,,,,,,,,,,12L,,,"1 min. to 48 hours, or continuous",,,,,,,,,,,,,,25mm,,,,,,,,,,,,,,,,,,,,,,,,,,,,,SB0012-T120;SB0012-T5,temperature_control_bath;shaker,,
Thermal cycle,,,,,,,,,,,,,,,,,,,,,,,,,,,,,,,,,,,,,,,,,,,,,,,,,,,,,,,,,,,,,,,,,,,,,,,,,,,,,,,,,,,,,,,,,,,
T5005-3205,T5005-3205-E,,,,,30-112°C user adjustable,Simulated sample or block,,,,100-240V,,50-60Hz,2.9kg,2 years,,,,± 0.25°C,18.2 x 23.2 x 15.7cm,Over 100 typical programs,0-99°C,,± 0.25°C,,"Yes, both time and temperature","Yes, both time and temperature",5°C/s heating (maximum);5°C/sec cooling (maximum),,,,,,,,,,,,,,,,,,,,,,,,,,,,,,,,,,,,,,,,,,,,,,,,,,,,,,,,,,,,,,,
T5000-96,T5000-96-E,,USB;LAN;RS232,1-30ºC,30-105ºC,30-112°C user adjustable,Simulated sample or block,,,,75-275V,,50-60Hz,7.3kg,2 years,,,,± 0.2°C,26 x 36 x 25cm,Unlimited with flash drive,0-100°C,,± 0.2°C,,"Yes, both time and temperature","Yes, both time and temperature",5°C/s,,,,,,,,,,,,,,96x0.2ml tubes;0.2ml strips;1x96 well plate (nonskirted);39x0.5ml tubes,,,,,,,,,,,,,,,,,,,,,,,,,,,,,,,,,,,,,,,,,,,,,,T5000-A-IS,,,
T5000-384,T5000-384-E,,USB;LAN;RS232,1-30ºC,30-105ºC,30-112°C user adjustable,Simulated sample or block,,,,,,,7.3kg,2 years,,,,± 0.2°C,26 x 36 x 25cm,Unlimited with flash drive,0-100°C,,± 0.2°C,,"Yes, both time and temperature","Yes, both time and temperature",5°C/s,,,,,,,,,,,,,,1 x 384 well plate,,,,,,,,,,,,,,,,,,,,,,,,,,,,,,,,,,,,,,,,,,,,,,T5000-A-IS,,,
Strerilization,,,,,,,,,,,,,,,,,,,,,,,,,,,,,,,,,,,,,,,,,,,,,,,,,,,,,,,,,,,,,,,,,,,,,,,,,,,,,,,,,,,,,,,,,,,
B1201,B1201-E,Approx. 25 min. to 300°C,,,,,,,,,"115V,250V",120W,50-60Hz,2kg,2 Years,,,,,14 x 14.5 x 15.5cm,,100 to 300°C,,,,,,,,,150g,,40mm,80mm,,,,,,,,,,,,,,,,,,,,,,,,,,,,,,,,,,,,,,,,,,,,,,,,,,,,,,B1201-BEAD,sterilizer,micro_sterilizer;bead_sterilizer,
B1202,B1202-E,Approx. 25 min. to 300°C,,,,,,,,,"115V,250V",250W,50-60Hz,2.5kg,2 Years,,,,,14 x 14.5 x 21.5cm,,100 to 300°C,,,,,,,,,300g,,40mm,140mm,,,,,,,,,,,,,,,,,,,,,,,,,,,,,,,,,,,,,,,,,,,,,,,,,,,,,,B1201-BEAD,sterilizer,micro_sterilizer;bead_sterilizer,
B1000,B1000-E,,,,,,,,,,"120V,230V",950W,50-60Hz,1.3kg,1 Year,,,14 mm,,10.2 x 15.2 x 16.5cm,,500-815°C ,,,,,,,,,,,,157 mm,,,,,,,,,,,,,,5-7 seconds,,,,,,,,,,,,,,,,,,,,,,,,,,,,,,,,,,,,,,,,B1000-01;B1000-03;B1000-RA';B1000-RA-E,sterilizer,micro_sterilizer,
B1001,B1001-E,,,,,,,,,,"120V,230V",,50-60Hz,1.5kg,1 Year,,,14 mm,,10.2 x 15.2 x 26 cm,,815°C,,,,,,,,,,,,157 mm,,,,,,,,,,,,,,5-7 seconds,,,,,,,,,,,,,,,,,,,,,,,,,,,,,,,,,,,,,,,,B1000-01;B1000-03        ,,,
B1001-XL,,,,,,,,,,,"120V,230V",,50-60Hz,1.6 kg,1 Year,,,35 mm,,10.2 x 15.2 x 28 cm,,815°C,,,,,,,,,,,,100mm,,,,,,,,,,,,,,5-7 seconds,,,,,,,,,,,,,,,,,,,,,,,,,,,,,,,,,,,,,,,,,,,
B4000-M,B4000-M-E,,,,,,,,,,"120V,230V",950W,50-60Hz,33kg,1 Year,,,,,51x34x33cm,,,,,,,,,,,8L,,17 x 31 cm,,,,,,,,,,,,,12 x 24.8 cm,2 Bar,,,,,,,,,,,,,,,,,,,,,,,,,,,,,,,,,,,,,,,,,B4000-P;B4000-PA,autoclave,,
B4000-16,B4000-16-E,,,,,,,,,,"120V,230V",1600W,50-60Hz,40kg,1 Year,,,,,56x44.5x40cm,,,,,,,,,,,16L,,23 x 35 cm,,,,,,,,,,,,,16.5 x 27 cm,2 Bar,,,,,,,,,,,,,,,,,,,,,,,,,,,,,,,,,,,,,,,,,B4000-P;B4000-PA,autoclave,,
B4000-P,,,,,,,,,,,,,,,,,,,,,,,,,,,,,,,,,,,,,,,,,,,,,,,,,,,,,,,,,,,,,,,,,,,,,,,,,,,,,,,,,,,,,,,,B4000-PA,Accessories,autoclave,
B4000-PA,,,,,,,,,,,,,,,,,,,,,,,,,,,,,,,,,,,,,,,,,,,,,,,,,,,,,,,,,,,,,,,,,,,,,,,,,,,,,,,,,,,,,,,,B4000-P,consumable,autoclave,
Hotplates,,,,,,,,,,,,,,,,,,,,,,,,,,,,,,,,,,,,,,,,,,,,,,,,,,,,,,,,,,,,,,,,,,,,,,,,,,,,,,,,,,,,,,,,,,,
H3760-HS,H3760-HS-E,,,,,,,,,,"120V,230V",500W,50-60Hz,2.9kg,2 years,4 to +65°C,,,,18 x 26 x 10.1 cm,,5-380°C,,,,,,,200-1500 rpm,16.6 x 16.5 cm,,,,,,,,,,,,,,,,,,,,,,,,,,,,,,,,,,,,,,,,,,,,,,,,,,,,,,,,,,H3760-TP;H3760-ROD,hotplate,digital_hotplate,
H3760-SE,,,,,,,,,,,"120V,230V",500W,50-60Hz,2.9kg,2 years,4 to +65°C,,,,18 x 26 x 10.1 cm,,5-380°C,,,,,,,200-1500 rpm,16.6 x 16.5 cm,,,,,,,,,,,,,,,,,,,,,,,,,,,,,,,,,,,,,,,,,,,,,,,,,,,,,,,,,,,stirrer,magnetic_stirrer,
H3760-H,H3760-H-E,,,,,,,,,,"120V,230V",500W,50-60Hz,2.9kg,2 years,4 to +65°C,,,,18 x 26 x 10.1 cm,,5-380°C,,,,,,,200-1500 rpm,16.6 x 16.5 cm,,,,,,,,,,,,,,,,,,,,,,,,,,,,,,,,,,,,,,,,,,,,,,,,,,,,,,,,,,,hotplate,digital_hotplate,
H4000-HS,H4000-HS-E,,,,,,,,,,"120V,230V",500W,50-60Hz,4kg,2 years,4 to +65°C,,,,20 x 23 x 11.5 cm,,80-380°C,,,,,,,60-1500 rpm,180 x 180 mm,,,,,,,,,,,,,,,,,,,,,,,,,,,,,,,,,,,,,,,,,,,,,,,,,,,,,,,,,,,hotplate;stirrer,magnetic_stirrer,
H4000-S,H4000-S-E,,,,,,,,,,"120V,230V",500W,50-60Hz,4kg,2 years,4 to +65°C,,,,20 x 23 x 11.5 cm,,80-380°C,,,,,,,60-1500 rpm,180 x 180 mm,,,,,,,,,,,,,,,,,,,,,,,,,,,,,,,,,,,,,,,,,,,,,,,,,,,,,,,,,,,,,
H4000-H,H4000-H-E,,,,,,,,,,"120V,230V",500W,50-60Hz,4kg,2 years,4 to +65°C,,,,20 x 23 x 11.5 cm,,80-380°C,,,,,,,60-1500 rpm,180 x 180 mm,,,,,,,,,,,,,,,,,,,,,,,,,,,,,,,,,,,,,,,,,,,,,,,,,,,,,,,,,,,,,
S1005,S1005-E,,,,,,,,,,100-240V,2W,50-60Hz,0.2kg,1 year,4 to +45°C,,,,12 x 12 x 3 cm,,,,,,,,,100-1500 rpm,8.5 x 8.5 cm,,,,,,,,,,,,,,,,,,,,,,,,,,,,,,,,,,,,,,,,,,,,,,,,,,,,,,,,,,,stirrer,magnetic_stirrer,
H3760-ROD,,,,,,,,,,,,,,,,,,,,,,,,,,,,,,,,,,,,,,,,,,,,,,,,,,,,,,,,,,,,,,,,,,,,,,,,,,,,,,,,,,,,,,,,,accessory,hotplate;stirrer,
H3760-TP,,,,,,,,,,,,,,,,,,,,,,,,,,,,,,,,,,,,,,,,,,,,,,,,,,,,,,,,,,,,,,,,,,,,,,,,,,,,,,,,,,,,,,,,,accessory,hotplate;stirrer,
H3760-CS,,,,,,,,,,,,,,,,,,,,,,,,,,,,,,,,,,,,,,,,,,,,,,,,,,,,,,,,,,,,,,,,,,,,,,,,,,,,,,,,,,,,,,,,,accessory,hotplate;stirrer,
CoolCobe,,,,,,,,,,,,,,,,,,,,,,,,,,,,,,,,,,,,,,,,,,,,,,,,,,,,,,,,,,,,,,,,,,,,,,,,,,,,,,,,,,,,,,,,,,,
R1000,R1000-E,,,,,,,,,,,,,1 kg,2 years,,,,,14.3 x 14.3 x 6.4 cm,,0°C for up to 4 hours,,,,,,,,,36x1.5/2.0ml tubes (side 1);96x0.2ml tubes(side 2);12x0.2ml strips(side 2);1x96 well PCR plate(side 2);10x1.5/2.0ml (side 2),,,,,,,,,,,,,,,,,,,,,,,,,,,,,,,,,,,,,,,,,,,,,,,,,,,,,,,,,,,,
Agarose,,,,,,,,,,,,,,,,,,,,,,,,,,,,,,,,,,,,,,,,,,,,,,,,,,,,,,,,,,,,,,,,,,,,,,,,,,,,,,,,,,,,,,,,,,,
A1801-LM,,,,,,,,,,,,,,,,,,,,,,,,,,,,,,,,,,,,,,,,,,,,,,,,,,,,,,,,,,,,,,,,,,,>200g/cm² (1%),26-30°C,≤65°C,≤ 0.1%,≤ 10%,≤ 0.1%,Room Temperature,None Detected,None Detected,200bp-25kbp,Prep gels In Gel Processing,,,,,,,,,,,,Agarose,Specialty Agarose,
A1801-HR,,,,,,,,,,,,,,,,,,,,,,,,,,,,,,,,,,,,,,,,,,,,,,,,,,,,,,,,,,,,,,,,,,,>750g/cm² (1.5%),≤ 33°C,≤ 70°C,≤ 0.1%,≤ 10%,≤ 0.1%,Room Temperature,None Detected,None Detected,20-800bp,AFLP's STR's PCR Small Fragments,,,,,,,,,,,,Agarose,Specialty Agarose,
A1801-31,,,,,,,,,,,,,,,,,,,,,,,,,,,,,,,,,,,,,,,,,,,,,,,,,,,,,,,,,,,,,,,,,,,>650g/cm² (1.5%),≤ 36°C,≤ 80°C,≤ 0.1%,≤ 10%,≤ 0.1%,Room Temperature,None Detected,None Detected,50bp-1kb,PCR Blotting,,,,,,,,,,,,Agarose,Specialty Agarose,
A2501,,,,,,,,,,,,,,,,,,,,,,,,,,,,,,,,,,,,,,,,,,,,,,,,,,,,,,,,,,,,,,,,,,,>1200g/cm² (1%);>2500g/cm² (.51%),36°C ± 1.5°C (1.5%),88°C ± 1.5°C (1.5%),<0.13,<10%,<0.2%,Room Temperature,None Detected,None Detected,,,,,,,,,,,,,,Agarose,Agarose tablets,
A2505,,,,,,,,,,,,,,,,,,,,,,,,,,,,,,,,,,,,,,,,,,,,,,,,,,,,,,,,,,,,,,,,,,,>1200g/cm² (1%);>2500g/cm² (.51%),36°C ± 1.5°C (1.5%),88°C ± 1.5°C (1.5%),<0.13,<10%,<0.2%,Room Temperature,None Detected,None Detected,,,,,,,,,,,,,,Agarose,Agarose tablets,
A1700,,,,,,,,,,,,,,,,,,,,,,,,,,,,,,,,,,,,,,,,,,,,,,,,,,,,,,,,,,,,,,,,,,,> 1200g/cm² (1%),36°C ± 1.5°C (1.5%),88°C ± 1.5°C (1.5%),0.13,< 7%,<0.2%,Room Temperature,None Detected,None Detected,,,,,,,,,,,,,,Agarose,,
A1701,,,,,,,,,,,,,,,,,,,,,,,,,,,,,,,,,,,,,,,,,,,,,,,,,,,,,,,,,,,,,,,,,,,> 1200g/cm² (1%),36°C ± 1.5°C (1.5%),88°C ± 1.5°C (1.5%),0.13,< 7%,<0.2%,Room Temperature,None Detected,None Detected,,,,,,,,,,,,,,Agarose,,
A1705,,,,,,,,,,,,,,,,,,,,,,,,,,,,,,,,,,,,,,,,,,,,,,,,,,,,,,,,,,,,,,,,,,,> 1200g/cm² (1%),36°C ± 1.5°C (1.5%),88°C ± 1.5°C (1.5%),0.13,< 7%,<0.2%,Room Temperature,None Detected,None Detected,,,,,,,,,,,,,,Agarose,,
Hybex,,,,,,,,,,,,,,,,,,,,,,,,,,,,,,,,,,,,,,,,,,,,,,,,,,,,,,,,,,,,,,,,,,,,,,,,,,,,,,,,,,,,,,,,,,,
B3000-50-B,,,,,,,,,,,,,,,,,,,,,,-70-500°C,,,,,,,,,,,,,,,,,,,,,,,,,,,,,,,,,,,,,,,,,,,,,,,,,,,,,,,,Autoclave or dry heat,hybex™ borosilicate glass,Polypropylene (140°C),GL32,Standard Blue Green Purple Yellow White Assorted,,,,,,B3000-CAP2;B3000-RIN2;B3000-CAP-HTC,,,http://www.benchmarkscientific.com/rpproducts/hybex/
B3000-50,,,,,,,,,,,,,,,,,,,,,,,,,,,,,,,,,,,,,,,,,,,,,,,,,,,,,,,,,,,,,,,,,,,,,,,,,,,,,,,,,,,,,,,,B3000-CAP2;B3000-RIN2;B3000-CAP-HTC,,,http://www.benchmarkscientific.com/rpproducts/hybex/
B3000-100*,,,,,,,,,,,,,,,,,,,,,,,,,,,,,,,,,,,,,,,,,,,,,,,,,,,,,,,,,,,,,,,,,,,,,,,,,,,,,,,,,,,,,,,,,,,http://www.benchmarkscientific.com/rpproducts/hybex/
B3000-250*,,,,,,,,,,,,,,,,,,,,,,,,,,,,,,,,,,,,,,,,,,,,,,,,,,,,,,,,,,,,,,,,,,,,,,,,,,,,,,,,,,,,,,,,,,,http://www.benchmarkscientific.com/rpproducts/hybex/
B3000-500*,,,,,,,,,,,,,,,,,,,,,,,,,,,,,,,,,,,,,,,,,,,,,,,,,,,,,,,,,,,,,,,,,,,,,,,,,,,,,,,,,,,,,,,,,,,http://www.benchmarkscientific.com/rpproducts/hybex/
B3000-1000*,,,,,,,,,,,,,,,,,,,,,,,,,,,,,,,,,,,,,,,,,,,,,,,,,,,,,,,,,,,,,,,,,,,,,,,,,,,,,,,,,,,,,,,,,,,http://www.benchmarkscientific.com/rpproducts/hybex/
B3000-2000*,,,,,,,,,,,,,,,,,,,,,,,,,,,,,,,,,,,,,,,,,,,,,,,,,,,,,,,,,,,,,,,,,,,,,,,,,,,,,,,,,,,,,,,,,,,http://www.benchmarkscientific.com/rpproducts/hybex/
B3000-SP*,,,,,,,,,,,,,,,,,,,,,,,,,,,,,,,,,,,,,,,,,,,,,,,,,,,,,,,,,,,,,,,,,,,,,,,,,,,,,,,,,,,,,,,,,,,http://www.benchmarkscientific.com/rpproducts/hybex/
B3000-CAP*,,,,,,,,,,,,,,,,,,,,,,,,,,,,,,,,,,,,,,,,,,,,,,,,,,,,,,,,,,,,,,,,,,,,,,,,,,,,,,,,,,,,,,,,,,,http://www.benchmarkscientific.com/rpproducts/hybex/
B3000-100-B,,,,,,,,,,,,,,,,,,,,,,-70-500°C,,,,,,,,,,,,,,,,,,,,,,,,,,,,,,,,,,,,,,,,,,,,,,,,,,,,,,,,Autoclave or dry heat,hybex™ borosilicate glass,Polypropylene (140°C),GL45,Standard Blue Green Purple Yellow White Assorted,,,,,,B3000-CAP-B;B3000-RIN;B3000-CAP-HTC,,,
B3000-250-B,,,,,,,,,,,,,,,,,,,,,,-70-500°C,,,,,,,,,,,,,,,,,,,,,,,,,,,,,,,,,,,,,,,,,,,,,,,,,,,,,,,,Autoclave or dry heat,hybex™ borosilicate glass,Polypropylene (140°C),GL46,Standard Blue Green Purple Yellow White Assorted,,,,,,B3000-CAP-B;B3000-RIN;B3000-CAP-HTC,,,
B3000-500-B,,,,,,,,,,,,,,,,,,,,,,-70-500°C,,,,,,,,,,,,,,,,,,,,,,,,,,,,,,,,,,,,,,,,,,,,,,,,,,,,,,,,Autoclave or dry heat,hybex™ borosilicate glass,Polypropylene (140°C),GL47,Standard Blue Green Purple Yellow White Assorted,,,,,,B3000-CAP-B;B3000-RIN;B3000-CAP-HTC,,,
B3000-1000-B,,,,,,,,,,,,,,,,,,,,,,-70-500°C,,,,,,,,,,,,,,,,,,,,,,,,,,,,,,,,,,,,,,,,,,,,,,,,,,,,,,,,Autoclave or dry heat,hybex™ borosilicate glass,Polypropylene (140°C),GL48,Standard Blue Green Purple Yellow White Assorted,,,,,,B3000-CAP-B;B3000-RIN;B3000-CAP-HTC,,,
B3000-2000-B,,,,,,,,,,,,,,,,,,,,,,-70-500°C,,,,,,,,,,,,,,,,,,,,,,,,,,,,,,,,,,,,,,,,,,,,,,,,,,,,,,,,Autoclave or dry heat,hybex™ borosilicate glass,Polypropylene (140°C),GL49,Standard Blue Green Purple Yellow White Assorted,,,,,,B3000-CAP-B;B3000-RIN;B3000-CAP-HTC,,,
B3000-SP-B,,,,,,,,,,,,,,,,,,,,,,-70-500°C,,,,,,,,,,,,,,,,,,,,,,,,,,,,,,,,,,,,,,,,,,,,,,,,,,,,,,,,Autoclave or dry heat,hybex™ borosilicate glass,Polypropylene (140°C),GL45,Standard Blue Green Purple Yellow White Assorted,,,,,,B3000-CAP-B;B3000-RIN;B3000-CAP-HTC,,,
BV1010-00,,,,,,,,,,,,,,,,,,,,,,,,,,,,,,,,,,,,,,,,,,,,,,,,,,,,,,,,,,,,,,,,,,,,,,,,,,,,,,,,,,,,,,,,,Accessories,Vortexer,http://www.benchmarkscientific.com/rpproducts/benchmixer-xl-vortex-mixer/
BV1010-50HQ,,,,,,,,,,,,,,,,,,,,,,,,,,,,,,,,,,,,,,,,,,,,,,,,,,,,,,,,,,,,,,,,,,,,,,,,,,,,,,,,,,,,,,,,,Accessories,Vortexer,http://www.benchmarkscientific.com/rpproducts/benchmixer-xl-vortex-mixer/
R4040-1520,,,,,,,,,,,,,,,,,,,,,,,,,,,,,,,,,,,,,,,,,,,,,,,,,,,,,,,,,,,,,,,,,,,,,,,,,,,,,,,,,,,,,,,,,Accessories,Rotator,http://www.benchmarkscientific.com/rpproducts/roto-bot/
R4040-150,,,,,,,,,,,,,,,,,,,,,,,,,,,,,,,,,,,,,,,,,,,,,,,,,,,,,,,,,,,,,,,,,,,,,,,,,,,,,,,,,,,,,,,,,Accessories,Rotator,http://www.benchmarkscientific.com/rpproducts/roto-bot/
R4040-500,,,,,,,,,,,,,,,,,,,,,,,,,,,,,,,,,,,,,,,,,,,,,,,,,,,,,,,,,,,,,,,,,,,,,,,,,,,,,,,,,,,,,,,,,Accessories,Rotator,http://www.benchmarkscientific.com/rpproducts/roto-bot/
R4040-HZ15,,,,,,,,,,,,,,,,,,,,,,,,,,,,,,,,,,,,,,,,,,,,,,,,,,,,,,,,,,,,,,,,,,,,,,,,,,,,,,,,,,,,,,,,,Accessories,Rotator,http://www.benchmarkscientific.com/rpproducts/roto-bot/
R4040-HZ50,,,,,,,,,,,,,,,,,,,,,,,,,,,,,,,,,,,,,,,,,,,,,,,,,,,,,,,,,,,,,,,,,,,,,,,,,,,,,,,,,,,,,,,,,Accessories,Rotator,http://www.benchmarkscientific.com/rpproducts/roto-bot/
B3D5000-STK,,,,,,,,,,,,,,,,,,,,,,,,,,,,,,,,,,,,,,,,,,,,,,,,,,,,,,,,,,,,,,,,,,,,,,,,,,,,,,,,,,,,,,,,,Accessories,Rocker,
B3D5000-DIMP,,,,,,,,,,,,,,,,,,,,,,,,,,,,,,,,,,,,,,,,,,,,,,,,,,,,,,,,,,,,,,,,,,,,,,,,,,,,,,,,,,,,,,,,,Accessories,Rocker,
B3D-STACK,,,,,,,,,,,,,,,,,,,,,,,,,,,,,,,,,,,,,,,,,,,,,,,,,,,,,,,,,,,,,,,,,,,,,,,,,,,,,,,,,,,,,,,,,Accessories,Rocker,
B3D-STACK-D,,,,,,,,,,,,,,,,,,,,,,,,,,,,,,,,,,,,,,,,,,,,,,,,,,,,,,,,,,,,,,,,,,,,,,,,,,,,,,,,,,,,,,,,,Accessories,Rocker,
BR1000-STACK,,,,,,,,,,,,,,,,,,,,,,,,,,,,,,,,,,,,,,,,,,,,,,,,,,,,,,,,,,,,,,,,,,,,,,,,,,,,,,,,,,,,,,,,,Accessories,Rocker,
BR1000-STACK-D,,,,,,,,,,,,,,,,,,,,,,,,,,,,,,,,,,,,,,,,,,,,,,,,,,,,,,,,,,,,,,,,,,,,,,,,,,,,,,,,,,,,,,,,,Accessories,Rocker,
BR2000-FLAT,,,,,,,,,,,,,,,,,,,,,,,,,,,,,,,,,,,,,,,,,,,,,,,,,,,,,,,,,,,,,,,,,,,,,,,,,,,,,,,,,,,,,,,,,Accessories,Shaker,http://www.benchmarkscientific.com/rpproducts/benchrocker-2d/
BR1000-FLAT,,,,,,,,,,,,,,,,,,,,,,,,,,,,,,,,,,,,,,,,,,,,,,,,,,,,,,,,,,,,,,,,,,,,,,,,,,,,,,,,,,,,,,,,,Accessories,Shaker,
H1000-MR-T14,,,,,,,,,,,,,,,,,,,,,,,,,,,,,,,,,,,,,,,,,,,,,,,,,,,,,,,,,,,,,,,,,,,,,,,,,,,,,,,,,,,,,,,,,Accessories,Shaker Incubator,
H5000-12,,,,,,,,,,,,,,,,,,,,,,,,,,,,,,,,,,,,,,,,,,,,,,,,,,,,,,,,,,,,,,,,,,,,,,,,,,,,,,,,,,,,,,,,,Accessories,Vortexer Incubator,
H5000-20,,,,,,,,,,,,,,,,,,,,,,,,,,,,,,,,,,,,,,,,,,,,,,,,,,,,,,,,,,,,,,,,,,,,,,,,,,,,,,,,,,,,,,,,,Accessories,Vortexer Incubator,
H5000-150,,,,,,,,,,,,,,,,,,,,,,,,,,,,,,,,,,,,,,,,,,,,,,,,,,,,,,,,,,,,,,,,,,,,,,,,,,,,,,,,,,,,,,,,,Accessories,Vortexer Incubator,
H5000-500,,,,,,,,,,,,,,,,,,,,,,,,,,,,,,,,,,,,,,,,,,,,,,,,,,,,,,,,,,,,,,,,,,,,,,,,,,,,,,,,,,,,,,,,,Accessories,Vortexer Incubator,
H5000-MP,,,,,,,,,,,,,,,,,,,,,,,,,,,,,,,,,,,,,,,,,,,,,,,,,,,,,,,,,,,,,,,,,,,,,,,,,,,,,,,,,,,,,,,,,Accessories,Vortexer Incubator,
H5000-DWMP,,,,,,,,,,,,,,,,,,,,,,,,,,,,,,,,,,,,,,,,,,,,,,,,,,,,,,,,,,,,,,,,,,,,,,,,,,,,,,,,,,,,,,,,,Accessories,Vortexer Incubator,
H5000-WB,,,,,,,,,,,,,,,,,,,,,,,,,,,,,,,,,,,,,,,,,,,,,,,,,,,,,,,,,,,,,,,,,,,,,,,,,,,,,,,,,,,,,,,,,Accessories,Vortexer Incubator,
H5000-5MT,,,,,,,,,,,,,,,,,,,,,,,,,,,,,,,,,,,,,,,,,,,,,,,,,,,,,,,,,,,,,,,,,,,,,,,,,,,,,,,,,,,,,,,,,Accessories,Vortexer Incubator,http://www.benchmarkscientific.com/rpproducts/multitherm-heating-cooling-vortexer/
D2400-R5,,,,,,,,,,,,,,,,,,,,,,,,,,,,,,,,,,,,,,,,,,,,,,,,,,,,,,,,,,,,,,,,,,,,,,,,,,,,,,,,,,,,,,,,,Accessories,Homogenizer,http://www.benchmarkscientific.com/rpproducts/bead-blaster-24/
D1036-A5,,,,,,,,,,,,,,,,,,,,,,,,,,,,,,,,,,,,,,,,,,,,,,,,,,,,,,,,,,,,,,,,,,,,,,,,,,,,,,,,,,,,,,,,,Accessories,Homogenizer,http://www.benchmarkscientific.com/rpproducts/bead-bug-6/
D1031-T20,,,,,,,,,,,,,,,,,,,,,,,,,,,,,,,,,,,,,,,,,,,,,,,,,,,,,,,,,,,,,,,,,,,,,,,,,,,,,,,,,,,,,,,,,Accessories,Homogenizer,http://www.benchmarkscientific.com/rpproducts/beads-prefilled-kits/
D1031-T21,,,,,,,,,,,,,,,,,,,,,,,,,,,,,,,,,,,,,,,,,,,,,,,,,,,,,,,,,,,,,,,,,,,,,,,,,,,,,,,,,,,,,,,,,Accessories,Homogenizer,http://www.benchmarkscientific.com/rpproducts/beads-prefilled-kits/
D1031-RF,,,,,,,,,,,,,,,,,,,,,,,,,,,,,,,,,,,,,,,,,,,,,,,,,,,,,,,,,,,,,,,,,,,,,,,,,,,,,,,,,,,,,,,,,Accessories,Homogenizer,http://www.benchmarkscientific.com/rpproducts/beads-prefilled-kits/
D1033-30G,,,,,,,,,,,,,,,,,,,,,,,,,,,,,,,,,,,,,,,,,,,,,,,,,,,,,,,,,,,,,,,,,,,,,,,,,,,,,,,,,,,,,,,,,Accessories,Homogenizer,
D1131-01,,,,,,,,,,,,,,,,,,,,,,,,,,,,,,,,,,,,,,,,,,,,,,,,,,,,,,,,,,,,,,,,,,,,,,,,,,,,,,,,,,,,,,,,,Accessories,Homogenizer,http://www.benchmarkscientific.com/rpproducts/beads-prefilled-kits/
D1131-05,,,,,,,,,,,,,,,,,,,,,,,,,,,,,,,,,,,,,,,,,,,,,,,,,,,,,,,,,,,,,,,,,,,,,,,,,,,,,,,,,,,,,,,,,Accessories,Homogenizer,http://www.benchmarkscientific.com/rpproducts/beads-prefilled-kits/
D1131-10,,,,,,,,,,,,,,,,,,,,,,,,,,,,,,,,,,,,,,,,,,,,,,,,,,,,,,,,,,,,,,,,,,,,,,,,,,,,,,,,,,,,,,,,,Accessories,Homogenizer,http://www.benchmarkscientific.com/rpproducts/beads-prefilled-kits/
D1132-01TP,,,,,,,,,,,,,,,,,,,,,,,,,,,,,,,,,,,,,,,,,,,,,,,,,,,,,,,,,,,,,,,,,,,,,,,,,,,,,,,,,,,,,,,,,Accessories,Homogenizer,http://www.benchmarkscientific.com/rpproducts/beads-prefilled-kits/
D1132-05TP,,,,,,,,,,,,,,,,,,,,,,,,,,,,,,,,,,,,,,,,,,,,,,,,,,,,,,,,,,,,,,,,,,,,,,,,,,,,,,,,,,,,,,,,,Accessories,Homogenizer,http://www.benchmarkscientific.com/rpproducts/beads-prefilled-kits/
D1132-10TP,,,,,,,,,,,,,,,,,,,,,,,,,,,,,,,,,,,,,,,,,,,,,,,,,,,,,,,,,,,,,,,,,,,,,,,,,,,,,,,,,,,,,,,,,Accessories,Homogenizer,http://www.benchmarkscientific.com/rpproducts/beads-prefilled-kits/
D1132-15TP,,,,,,,,,,,,,,,,,,,,,,,,,,,,,,,,,,,,,,,,,,,,,,,,,,,,,,,,,,,,,,,,,,,,,,,,,,,,,,,,,,,,,,,,,Accessories,Homogenizer,http://www.benchmarkscientific.com/rpproducts/beads-prefilled-kits/
D1132-30TP,,,,,,,,,,,,,,,,,,,,,,,,,,,,,,,,,,,,,,,,,,,,,,,,,,,,,,,,,,,,,,,,,,,,,,,,,,,,,,,,,,,,,,,,,Accessories,Homogenizer,http://www.benchmarkscientific.com/rpproducts/beads-prefilled-kits/
D1133-28,,,,,,,,,,,,,,,,,,,,,,,,,,,,,,,,,,,,,,,,,,,,,,,,,,,,,,,,,,,,,,,,,,,,,,,,,,,,,,,,,,,,,,,,,Accessories,Homogenizer,http://www.benchmarkscientific.com/rpproducts/beads-prefilled-kits/
D1132-60,,,,,,,,,,,,,,,,,,,,,,,,,,,,,,,,,,,,,,,,,,,,,,,,,,,,,,,,,,,,,,,,,,,,,,,,,,,,,,,,,,,,,,,,,Accessories,Homogenizer,http://www.benchmarkscientific.com/rpproducts/beads-prefilled-kits/
D1133-G,,,,,,,,,,,,,,,,,,,,,,,,,,,,,,,,,,,,,,,,,,,,,,,,,,,,,,,,,,,,,,,,,,,,,,,,,,,,,,,,,,,,,,,,,Accessories,Homogenizer,http://www.benchmarkscientific.com/rpproducts/beads-prefilled-kits/
SB0012-T1520,,,,,,,,,,,,,,,,,,,,,,,,,,,,,,,,,,,,,,,,,,,,,,,,,,,,,,,,,,,,,,,,,,,,,,,,,,,,,,,,,,,,,,,,,Accessories,Water Bath,http://www.benchmarkscientific.com/rpproducts/sb-12l-shaking-water-bath/
BSH100-CU,,,,,,,,,,,,,,,,,,,,,,,,,,,,,,,,,,,,,,,,,,,,,,,,,,,,,,,,,,,,,,,,,,,,,,,,,,,,,,,,,,,,,,,,,Accessories,Dry Bath,http://www.benchmarkscientific.com/rpproducts/myblock-mini-dry-bath/
BSH100-01,,,,,,,,,,,,,,,,,,,,,,,,,,,,,,,,,,,,,,,,,,,,,,,,,,,,,,,,,,,,,,,,,,,,,,,,,,,,,,,,,,,,,,,,,Accessories,Dry Bath,http://www.benchmarkscientific.com/rpproducts/myblock-mini-dry-bath/
BSW15,,,,,,,,,,,,,,,,,,,,,,,,,,,,,,,,,,,,,,,,,,,,,,,,,,,,,,,,,,,,,,,,,,,,,,,,,,,,,,,,,,,,,,,,,Accessories,Dry Bath,
H2300-SH,,,,,,,,,,,,,,,,,,,,,,,,,,,,,,,,,,,,,,,,,,,,,,,,,,,,,,,,,,,,,,,,,,,,,,,,,,,,,,,,,,,,,,,,,Accessories,Incubator,http://www.benchmarkscientific.com/rpproducts/incu-shaker-mini-co2-shaking-incubator-2/
H3760-CS,,,,,,,,,,,,,,,,,,,,,,,,,,,,,,,,,,,,,,,,,,,,,,,,,,,,,,,,,,,,,,,,,,,,,,,,,,,,,,,,,,,,,,,,,,Digital hotplate,http://www.benchmarkscientific.com/rpproducts/digital-hotplate-stirrers/
H4000-ROD,,,,,,,,,,,,,,,,,,,,,,,,,,,,,,,,,,,,,,,,,,,,,,,,,,,,,,,,,,,,,,,,,,,,,,,,,,,,,,,,,,,,,,,,H3760-HS-E;H3760-SE;H3760-H-E,hotplate,Digital hotplate,http://www.benchmarkscientific.com/rpproducts/analog-hotplate-stirrers/
D1031-ST25,,,,,,,,,,,,,,,,,,,,,,,,,,,,,,,,,,,,,,,,,,,,,,,,,,,,,,,,,,,,,,,,,,,,,,,,,,,,,,,,,,,,,,,,,Accessories,micro centrifuge,http://www.benchmarkscientific.com/rpproducts/beads-prefilled-kits/
C1005-AC2,,,,,,,,,,,,,,,,,,,,,,,,,,,,,,,,,,,,,,,,,,,,,,,,,,,,,,,,,,,,,,,,,,,,,,,,,,,,,,,,,,,,,,,,,Accessories,micro centrifuge,
C1005-T5-RK2,,,,,,,,,,,,,,,,,,,,,,,,,,,,,,,,,,,,,,,,,,,,,,,,,,,,,,,,,,,,,,,,,,,,,,,,,,,,,,,,,,,,,,,,,Accessories,micro centrifuge,
C1005-T5* Clear,,,,,,,,,,,,,,,,,,,,,,,,,,,,,,,,,,,,,,,,,,,,,,,,,,,,,,,,,,,,,,,,,,,,,,,,,,,,,,,,,,,,,,,,,Accessories,micro centrifuge,http://www.benchmarkscientific.com/rpproducts/myfuge-5/
C1005-T5-ST,,,,,,,,,,,,,,,,,,,,,,,,,,,,,,,,,,,,,,,,,,,,,,,,,,,,,,,,,,,,,,,,,,,,,,,,,,,,,,,,,,,,,,,,,,micro centrifuge,http://www.benchmarkscientific.com/rpproducts/myfuge-5/
C1005-T5-LOCK,,,,,,,,,,,,,,,,,,,,,,,,,,,,,,,,,,,,,,,,,,,,,,,,,,,,,,,,,,,,,,,,,,,,,,,,,,,,,,,,,,,,,,,,,Accessories,micro centrifuge,http://www.benchmarkscientific.com/rpproducts/myfuge-5/
C1008-ROT2,,,,,,,,,,,,,,,,,,,,,,,,,,,,,,,,,,,,,,,,,,,,,,,,,,,,,,,,,,,,,,,,,,,,,,,,,,,,,,,,,,,,,,,,,Accessories,mini centrifuge,http://www.benchmarkscientific.com/rpproducts/myfuge-mini-centrifuge/
C1008-A2-9,,,,,,,,,,,,,,,,,,,,,,,,,,,,,,,,,,,,,,,,,,,,,,,,,,,,,,,,,,,,,,,,,,,,,,,,,,,,,,,,,,,,,,,,,Accessories,mini centrifuge,http://www.benchmarkscientific.com/rpproducts/myfuge-mini-centrifuge/
B3000-CAP,B3000-CAP*,,,,,,,,,,,,,,,,,,,,,,,,,,,,,,,,,,,,,,,,,,,,,,,,,,,,,,,,,,,,,,,,,,,,,,,,,,,,,,,,,,,,,,,,Bottle,,
B3000-RIN,,,,,,,,,,,,,,,,,,,,,,,,,,,,,,,,,,,,,,,,,,,,,,,,,,,,,,,,,,,,,,,,,,,,,,,,,,,,,,,,,,,,,,,,,Bottle,,
B3000-CAP2,,,,,,,,,,,,,,,,,,,,,,,,,,,,,,,,,,,,,,,,,,,,,,,,,,,,,,,,,,,,,,,,,,,,,,,,,,,,,,,,,,,,,,,,,Bottle,,
B3000-RIN2,,,,,,,,,,,,,,,,,,,,,,,,,,,,,,,,,,,,,,,,,,,,,,,,,,,,,,,,,,,,,,,,,,,,,,,,,,,,,,,,,,,,,,,,,Bottle,,
B3000-CAP-HTC,,,,,,,,,,,,,,,,,,,,,,,,,,,,,,,,,,,,,,,,,,,,,,,,,,,,,,,,,,,,,,,,,,,,,,,,,,,,,,,,,,,,,,,,,Bottle,,
Balance,,,,,,,,,,,,,,,,,,,,,,,,,,,,,,,,,,,,,,,,,,,,,,,,,,,,,,,,,,,,,,,,,,,,,,,,,,,,,,,,,,,,,,,,,,,
W1000-200,,,,,,,,,,,,,,,,,,,,,,,,,,,,,,,,,,,,,,,,,,,,,,,,,,,,,,,,,,,,,,,,,,,,,,,,,,,,,,,,,,,,,,,,,balance,calibration_weights,
W1000-1000,,,,,,,,,,,,,,,,,,,,,,,,,,,,,,,,,,,,,,,,,,,,,,,,,,,,,,,,,,,,,,,,,,,,,,,,,,,,,,,,,,,,,,,,,balance,calibration_weights,http://www.accuris-usa.com/Products/calibration-weights/
W1005-1000,,,,,,,,,,,,,,,,,,,,,,,,,,,,,,,,,,,,,,,,,,,,,,,,,,,,,,,,,,,,,,,,,,,,,,,,,,,,,,,,,,,,,,,,,balance,calibration_weights,
W1005-2000,,,,,,,,,,,,,,,,,,,,,,,,,,,,,,,,,,,,,,,,,,,,,,,,,,,,,,,,,,,,,,,,,,,,,,,,,,,,,,,,,,,,,,,,,balance,calibration_weights,
W1105-9-1000,,,,,,,,,,,,,,,,,,,,,,,,,,,,,,,,,,,,,,,,,,,,,,,,,,,,,,,,,,,,,,,,,,,,,,,,,,,,,,,,,,,,,,,,,balance,calibration_weights,
W1105-20,,,,,,,,,,,,,,,,,,,,,,,,,,,,,,,,,,,,,,,,,,,,,,,,,,,,,,,,,,,,,,,,,,,,,,,,,,,,,,,,,,,,,,,,,balance,calibration_weights,http://www.accuris-usa.com/Products/calibration-weights/
W1005-100,,,,,,,,,,,,,,,,,,,,,,,,,,,,,,,,,,,,,,,,,,,,,,,,,,,,,,,,,,,,,,,,,,,,,,,,,,,,,,,,,,,,,,,,,balance,calibration_weights,http://www.accuris-usa.com/Products/calibration-weights/
W1005-200,,,,,,,,,,,,,,,,,,,,,,,,,,,,,,,,,,,,,,,,,,,,,,,,,,,,,,,,,,,,,,,,,,,,,,,,,,,,,,,,,,,,,,,,,balance,calibration_weights,http://www.accuris-usa.com/Products/calibration-weights/
W1105-500,,,,,,,,,,,,,,,,,,,,,,,,,,,,,,,,,,,,,,,,,,,,,,,,,,,,,,,,,,,,,,,,,,,,,,,,,,,,,,,,,,,,,,,,,balance,calibration_weights,http://www.accuris-usa.com/Products/calibration-weights/
W1000-TF,,,,,,,,,,,,,,,,,,,,,,,,,,,,,,,,,,,,,,,,,,,,,,,,,,,,,,,,,,,,,,,,,,,,,,,,,,,,,,,,,,,,,,,,,balance,calibration_weights,
W1100-200,,,,,,,,,,,,,,,,,,,,,,,,,,,,,,,,,,,,,,,,,,,,,,,,,,,,,,,,,,,,,,,,,,,,,,,,,,,,,,,,,,,,,,,,,balance,calibration set,
W1101-6-100,,,,,,,,,,,,,,,,,,,,,,,,,,,,,,,,,,,,,,,,,,,,,,,,,,,,,,,,,,,,,,,,,,,,,,,,,,,,,,,,,,,,,,,,,balance,calibration set,
W4000-500,,,,,,,,,,,,,,,,,,,,,,,,,,,,,,,,,,,,,,,,,,,,,,,,,,,,,,,,,,,,,,,,,,,,,,,,,,,,,,,,,,,,,,,,,balance,mini balance,
W4000-100,,,,,,,,,,,,,,,,,,,,,,,,,,,,,,,,,,,,,,,,,,,,,,,,,,,,,,,,,,,,,,,,,,,,,,,,,,,,,,,,,,,,,,,,,balance,mini balance,
Pipette,,,,,,,,,,,,,,,,,,,,,,,,,,,,,,,,,,,,,,,,,,,,,,,,,,,,,,,,,,,,,,,,,,,,,,,,,,,,,,,,,,,,,,,,,,,
P7700-1,,,,,,,,,,,,,,,,,,,,,,,,,,,,,,,,,,,,,,,,,,,,,,,,,,,,,,,,,,,,,,,,,,,,,,,,,,,,,,,,,,,,,,,,,pipette,mechanical pipette,
P7700-10,,,,,,,,,,,,,,,,,,,,,,,,,,,,,,,,,,,,,,,,,,,,,,,,,,,,,,,,,,,,,,,,,,,,,,,,,,,,,,,,,,,,,,,,,pipette,mechanical pipette,
P7700-20,,,,,,,,,,,,,,,,,,,,,,,,,,,,,,,,,,,,,,,,,,,,,,,,,,,,,,,,,,,,,,,,,,,,,,,,,,,,,,,,,,,,,,,,,pipette,mechanical pipette,
P7700-100,,,,,,,,,,,,,,,,,,,,,,,,,,,,,,,,,,,,,,,,,,,,,,,,,,,,,,,,,,,,,,,,,,,,,,,,,,,,,,,,,,,,,,,,,pipette,mechanical pipette,
P7700-200,,,,,,,,,,,,,,,,,,,,,,,,,,,,,,,,,,,,,,,,,,,,,,,,,,,,,,,,,,,,,,,,,,,,,,,,,,,,,,,,,,,,,,,,,pipette,mechanical pipette,
P7700-1000,,,,,,,,,,,,,,,,,,,,,,,,,,,,,,,,,,,,,,,,,,,,,,,,,,,,,,,,,,,,,,,,,,,,,,,,,,,,,,,,,,,,,,,,,pipette,mechanical pipette,
P7700-5M,,,,,,,,,,,,,,,,,,,,,,,,,,,,,,,,,,,,,,,,,,,,,,,,,,,,,,,,,,,,,,,,,,,,,,,,,,,,,,,,,,,,,,,,,pipette,mechanical pipette,
P7700-10M,,,,,,,,,,,,,,,,,,,,,,,,,,,,,,,,,,,,,,,,,,,,,,,,,,,,,,,,,,,,,,,,,,,,,,,,,,,,,,,,,,,,,,,,,pipette,mechanical pipette,
P7700-S2,,,,,,,,,,,,,,,,,,,,,,,,,,,,,,,,,,,,,,,,,,,,,,,,,,,,,,,,,,,,,,,,,,,,,,,,,,,,,,,,,,,,,,,,,pipette,mechanical pipette,
P7700-S1,,,,,,,,,,,,,,,,,,,,,,,,,,,,,,,,,,,,,,,,,,,,,,,,,,,,,,,,,,,,,,,,,,,,,,,,,,,,,,,,,,,,,,,,,pipette,mechanical pipette,
P7700-T10M,,,,,,,,,,,,,,,,,,,,,,,,,,,,,,,,,,,,,,,,,,,,,,,,,,,,,,,,,,,,,,,,,,,,,,,,,,,,,,,,,,,,,,,,,consumable,pipette_tips,
P7700-T5M,,,,,,,,,,,,,,,,,,,,,,,,,,,,,,,,,,,,,,,,,,,,,,,,,,,,,,,,,,,,,,,,,,,,,,,,,,,,,,,,,,,,,,,,,consumable,pipette_tips,
V0020-E,,,,,,,,,,,,,,,,,,,,,,,,,,,,,,,,,,,,,,,,,,,,,,,,,,,,,,,,,,,,,,,,,,,,,,,,,,,,,,,,,,,,14ml/s,15L/min,-30 to -750mbar,oil free piston,V1002-1SL;V1002-8;V1002-S8;V1002;V0020-F1;V0020-QD;V0020-BOT;V0020-TB;V0020-SG,aspirator,,
V0020-SG,,,,,,,,,,,,,,,,,,,,,,,,,,,,,,,,,,,,,,,,,,,,,,,,,,,,,,,,,,,,,,,,,,,,,,,,,,,,,,,,,,,,,,,,,,aspirator,http://www.accuris-usa.com/Products/aspire-laboratory-aspirator/
Electrophoresis,,,,,,,,,,,,,,,,,,,,,,,,,,,,,,,,,,,,,,,,,,,,,,,,,,,,,,,,,,,,,,,,,,,,,,,,,,,,,,,,,,,,,,,,,,,
E1101,E1101-E,,,,,,,,,,,,,,,,,,,,,,,,,,,,,,,,,,,,,,,,,,,,,,,,,,,,,,,,,,,,,,,,,,,,,,,,,,,,,,,,,,,,,,,,electrophoresis,,
E1101-SK,E1101-SK-E,,,,,,,,,,,,,,,,,,,,,,,,,,,,,,,,,,,,,,,,,,,,,,,,,,,,,,,,,,,,,,,,,,,,,,,,,,,,,,,,,,,,,,,,electrophoresis balance agarose,,
E5001-SD,,,,,,,,,,,,,,,,,,,,,,,,,,,,,,,,,,,,,,,,,,,,,,,,,,,,,,,,,,,,,,,,,,,,,,,,,,,,,,,,,,,,,,,,E5000-MAT;E5001-535;E5001-590;E5001-ORANGE;E5001-OC;E4500-LD;E4500-PS,Accessories,electrophoresis,
E5000-MAT,,,,,,,,,,,,,,,,,,,,,,,,,,,,,,,,,,,,,,,,,,,,,,,,,,,,,,,,,,,,,,,,,,,,,,,,,,,,,,,,,,,,,,,,,Accessories,electrophoresis,
E5001-535,,,,,,,,,,,,,,,,,,,,,,,,,,,,,,,,,,,,,,,,,,,,,,,,,,,,,,,,,,,,,,,,,,,,,,,,,,,,,,,,,,,,,,,,,Accessories,electrophoresis,
E5001-590,,,,,,,,,,,,,,,,,,,,,,,,,,,,,,,,,,,,,,,,,,,,,,,,,,,,,,,,,,,,,,,,,,,,,,,,,,,,,,,,,,,,,,,,,Accessories,electrophoresis,
E5001-ORANGE,,,,,,,,,,,,,,,,,,,,,,,,,,,,,,,,,,,,,,,,,,,,,,,,,,,,,,,,,,,,,,,,,,,,,,,,,,,,,,,,,,,,,,,,,Accessories,electrophoresis,
E5001-OC,,,,,,,,,,,,,,,,,,,,,,,,,,,,,,,,,,,,,,,,,,,,,,,,,,,,,,,,,,,,,,,,,,,,,,,,,,,,,,,,,,,,,,,,,Accessories,electrophoresis,
E4500-LD,,,,,,,,,,,,,,,,,,,,,,,,,,,,,,,,,,,,,,,,,,,,,,,,,,,,,,,,,,,,,,,,,,,,,,,,,,,,,,,,,,,,,,,,,Accessories,electrophoresis,
E4500-PS,,,,,,,,,,,,,,,,,,,,,,,,,,,,,,,,,,,,,,,,,,,,,,,,,,,,,,,,,,,,,,,,,,,,,,,,,,,,,,,,,,,,,,,,,Accessories,electrophoresis,
E5001-SDB,,,,,,,,,,,,,,,,,,,,,,,,,,,,,,,,,,,,,,,,,,,,,,,,,,,,,,,,,,,,,,,,,,,,,,,,,,,,,,,,,,,,,,,,E5001-ORANGE;E5001-590;E5001-535;E4000-VG1,Accessories,electrophoresis,
E5001-ORANGE,,,,,,,,,,,,,,,,,,,,,,,,,,,,,,,,,,,,,,,,,,,,,,,,,,,,,,,,,,,,,,,,,,,,,,,,,,,,,,,,,,,,,,,,,Accessories,electrophoresis,
E5001-590,,,,,,,,,,,,,,,,,,,,,,,,,,,,,,,,,,,,,,,,,,,,,,,,,,,,,,,,,,,,,,,,,,,,,,,,,,,,,,,,,,,,,,,,,Accessories,electrophoresis,
E5001-535,,,,,,,,,,,,,,,,,,,,,,,,,,,,,,,,,,,,,,,,,,,,,,,,,,,,,,,,,,,,,,,,,,,,,,,,,,,,,,,,,,,,,,,,,Accessories,electrophoresis,
E4000-VG1,,,,,,,,,,,,,,,,,,,,,,,,,,,,,,,,,,,,,,,,,,,,,,,,,,,,,,,,,,,,,,,,,,,,,,,,,,,,,,,,,,,,,,,,,Accessories,electrophoresis,
E4000,,,,,,,,,,,,,,,,,,,,,,,,,,,,,,,,,,,,,,,,,,,,,,,,,,,,,,,,,,,,,,,,,,,,,,,,,,,,,,,,,,,,,,,,E4000-VG1;E4000-AC;E4000-VG,Accessories,electrophoresis,
E4000-VG,,,,,,,,,,,,,,,,,,,,,,,,,,,,,,,,,,,,,,,,,,,,,,,,,,,,,,,,,,,,,,,,,,,,,,,,,,,,,,,,,,,,,,,,,Accessories,electrophoresis,http://www.accuris-usa.com/Products/smartdoc-imaging-system/
E4000-VG1,,,,,,,,,,,,,,,,,,,,,,,,,,,,,,,,,,,,,,,,,,,,,,,,,,,,,,,,,,,,,,,,,,,,,,,,,,,,,,,,,,,,,,,,,Accessories,electrophoresis,
E3000,,,,,,,,,,,,,,,,,,,,,,,,,,,,,,,,,,,,,,,,,,,,,,,,,,,,,,,,,,,,,,,,,,,,,,,,,,,,,,,,,,,,,,,,,Accessories,electrophoresis,
E4000-AC,,,,,,,,,,,,,,,,,,,,,,,,,,,,,,,,,,,,,,,,,,,,,,,,,,,,,,,,,,,,,,,,,,,,,,,,,,,,,,,,,,,,,,,,,Accessories,electrophoresis,http://www.accuris-usa.com/Products/smartdoc-imaging-system/
E2100,,,,,,,,,,,,,,,,,,,,,,,,,,,,,,,,,,,,,,,,,,,,,,,,,,,,,,,,,,,,,,,,,,,,,,,,,,,,,,,,,,,,,,,,,Accessories,electrophoresis,
E2301,,,,,,,,,,,,,,,,,,,,,,,,,,,,,,,,,,,,,,,,,,,,,,,,,,,,,,,,,,,,,,,,,,,,,,,,,,,,,,,,,,,,,,,,,Accessories,electrophoresis,
MR9600,MR9600-E,,,,,,,,,,,,,,,,,,,,,,,,,,,,,,,,,,,,,,,,,,,,,,,,,,,,,,,,,,,,,,,,,,,,,,,,,,,,,,,,,,,,,,,MR9600-TP;MR9600-340;MR9600-380;MR9600-405;MR9600-415;MR9600-420;MR9600-450;MR9600-470;MR9600-490;MR9600-492;MR9600-510;MR9600-520;MR9600-532;MR9600-540;MR9600-546;MR9600-560;MR9600-562;MR9600-570;MR9600-578;MR9600-590;MR9600-595;MR9600-600;MR9600-620;MR9600-630;MR9600-646;MR9600-650;MR9600-663;MR9600-680;MR9600-690;MR9600-700;MR9600-750,Microplate Absorbance Reader,,
MR9600-TP,,,,,,,,,,,,,,,,,,,,,,,,,,,,,,,,,,,,,,,,,,,,,,,,,,,,,,,,,,,,,,,,,,,,,,,,,,,,,,,,,,,,,,,,,Accessories,Microplate Absorbance Reader,
MR9600-PA,,,,,,,,,,,,,,,,,,,,,,,,,,,,,,,,,,,,,,,,,,,,,,,,,,,,,,,,,,,,,,,,,,,,,,,,,,,,,,,,,,,,,,,,MR9600-TP,consumable,Microplate Absorbance Reader,http://www.accuris-usa.com/Products/microplate-absorbance-reader/
MR9600-340,,,,,,,,,,,,,,,,,,,,,,,,,,,,,,,,,,,,,,,,,,,,,,,,,,,,,,,,,,,,,,,,,,,,,,,,,,,,,,,,,,,,,,,,,consumable,Microplate Absorbance Reader,
MR9600-380,,,,,,,,,,,,,,,,,,,,,,,,,,,,,,,,,,,,,,,,,,,,,,,,,,,,,,,,,,,,,,,,,,,,,,,,,,,,,,,,,,,,,,,,,consumable,Microplate Absorbance Reader,
MR9600-405,,,,,,,,,,,,,,,,,,,,,,,,,,,,,,,,,,,,,,,,,,,,,,,,,,,,,,,,,,,,,,,,,,,,,,,,,,,,,,,,,,,,,,,,,consumable,Microplate Absorbance Reader,
MR9600-415,,,,,,,,,,,,,,,,,,,,,,,,,,,,,,,,,,,,,,,,,,,,,,,,,,,,,,,,,,,,,,,,,,,,,,,,,,,,,,,,,,,,,,,,,consumable,Microplate Absorbance Reader,
MR9600-420,,,,,,,,,,,,,,,,,,,,,,,,,,,,,,,,,,,,,,,,,,,,,,,,,,,,,,,,,,,,,,,,,,,,,,,,,,,,,,,,,,,,,,,,,consumable,Microplate Absorbance Reader,
MR9600-450,,,,,,,,,,,,,,,,,,,,,,,,,,,,,,,,,,,,,,,,,,,,,,,,,,,,,,,,,,,,,,,,,,,,,,,,,,,,,,,,,,,,,,,,,consumable,Microplate Absorbance Reader,
MR9600-470,,,,,,,,,,,,,,,,,,,,,,,,,,,,,,,,,,,,,,,,,,,,,,,,,,,,,,,,,,,,,,,,,,,,,,,,,,,,,,,,,,,,,,,,,consumable,Microplate Absorbance Reader,
MR9600-490,,,,,,,,,,,,,,,,,,,,,,,,,,,,,,,,,,,,,,,,,,,,,,,,,,,,,,,,,,,,,,,,,,,,,,,,,,,,,,,,,,,,,,,,,consumable,Microplate Absorbance Reader,
MR9600-492,,,,,,,,,,,,,,,,,,,,,,,,,,,,,,,,,,,,,,,,,,,,,,,,,,,,,,,,,,,,,,,,,,,,,,,,,,,,,,,,,,,,,,,,,consumable,Microplate Absorbance Reader,
MR9600-510,,,,,,,,,,,,,,,,,,,,,,,,,,,,,,,,,,,,,,,,,,,,,,,,,,,,,,,,,,,,,,,,,,,,,,,,,,,,,,,,,,,,,,,,,consumable,Microplate Absorbance Reader,
MR9600-520,,,,,,,,,,,,,,,,,,,,,,,,,,,,,,,,,,,,,,,,,,,,,,,,,,,,,,,,,,,,,,,,,,,,,,,,,,,,,,,,,,,,,,,,,consumable,Microplate Absorbance Reader,
MR9600-532,,,,,,,,,,,,,,,,,,,,,,,,,,,,,,,,,,,,,,,,,,,,,,,,,,,,,,,,,,,,,,,,,,,,,,,,,,,,,,,,,,,,,,,,,consumable,Microplate Absorbance Reader,
MR9600-540,,,,,,,,,,,,,,,,,,,,,,,,,,,,,,,,,,,,,,,,,,,,,,,,,,,,,,,,,,,,,,,,,,,,,,,,,,,,,,,,,,,,,,,,,consumable,Microplate Absorbance Reader,
MR9600-546,,,,,,,,,,,,,,,,,,,,,,,,,,,,,,,,,,,,,,,,,,,,,,,,,,,,,,,,,,,,,,,,,,,,,,,,,,,,,,,,,,,,,,,,,consumable,Microplate Absorbance Reader,
MR9600-560,,,,,,,,,,,,,,,,,,,,,,,,,,,,,,,,,,,,,,,,,,,,,,,,,,,,,,,,,,,,,,,,,,,,,,,,,,,,,,,,,,,,,,,,,consumable,Microplate Absorbance Reader,
MR9600-562,,,,,,,,,,,,,,,,,,,,,,,,,,,,,,,,,,,,,,,,,,,,,,,,,,,,,,,,,,,,,,,,,,,,,,,,,,,,,,,,,,,,,,,,,consumable,Microplate Absorbance Reader,
MR9600-570,,,,,,,,,,,,,,,,,,,,,,,,,,,,,,,,,,,,,,,,,,,,,,,,,,,,,,,,,,,,,,,,,,,,,,,,,,,,,,,,,,,,,,,,,consumable,Microplate Absorbance Reader,
MR9600-578,,,,,,,,,,,,,,,,,,,,,,,,,,,,,,,,,,,,,,,,,,,,,,,,,,,,,,,,,,,,,,,,,,,,,,,,,,,,,,,,,,,,,,,,,consumable,Microplate Absorbance Reader,
MR9600-590,,,,,,,,,,,,,,,,,,,,,,,,,,,,,,,,,,,,,,,,,,,,,,,,,,,,,,,,,,,,,,,,,,,,,,,,,,,,,,,,,,,,,,,,,consumable,Microplate Absorbance Reader,
MR9600-595,,,,,,,,,,,,,,,,,,,,,,,,,,,,,,,,,,,,,,,,,,,,,,,,,,,,,,,,,,,,,,,,,,,,,,,,,,,,,,,,,,,,,,,,,consumable,Microplate Absorbance Reader,
MR9600-600,,,,,,,,,,,,,,,,,,,,,,,,,,,,,,,,,,,,,,,,,,,,,,,,,,,,,,,,,,,,,,,,,,,,,,,,,,,,,,,,,,,,,,,,,consumable,Microplate Absorbance Reader,
MR9600-620,,,,,,,,,,,,,,,,,,,,,,,,,,,,,,,,,,,,,,,,,,,,,,,,,,,,,,,,,,,,,,,,,,,,,,,,,,,,,,,,,,,,,,,,,consumable,Microplate Absorbance Reader,
MR9600-630,,,,,,,,,,,,,,,,,,,,,,,,,,,,,,,,,,,,,,,,,,,,,,,,,,,,,,,,,,,,,,,,,,,,,,,,,,,,,,,,,,,,,,,,,consumable,Microplate Absorbance Reader,
MR9600-646,,,,,,,,,,,,,,,,,,,,,,,,,,,,,,,,,,,,,,,,,,,,,,,,,,,,,,,,,,,,,,,,,,,,,,,,,,,,,,,,,,,,,,,,,consumable,Microplate Absorbance Reader,
MR9600-650,,,,,,,,,,,,,,,,,,,,,,,,,,,,,,,,,,,,,,,,,,,,,,,,,,,,,,,,,,,,,,,,,,,,,,,,,,,,,,,,,,,,,,,,,consumable,Microplate Absorbance Reader,
MR9600-663,,,,,,,,,,,,,,,,,,,,,,,,,,,,,,,,,,,,,,,,,,,,,,,,,,,,,,,,,,,,,,,,,,,,,,,,,,,,,,,,,,,,,,,,,consumable,Microplate Absorbance Reader,
MR9600-680,,,,,,,,,,,,,,,,,,,,,,,,,,,,,,,,,,,,,,,,,,,,,,,,,,,,,,,,,,,,,,,,,,,,,,,,,,,,,,,,,,,,,,,,,consumable,Microplate Absorbance Reader,
MR9600-690,,,,,,,,,,,,,,,,,,,,,,,,,,,,,,,,,,,,,,,,,,,,,,,,,,,,,,,,,,,,,,,,,,,,,,,,,,,,,,,,,,,,,,,,,consumable,Microplate Absorbance Reader,
MR9600-700,,,,,,,,,,,,,,,,,,,,,,,,,,,,,,,,,,,,,,,,,,,,,,,,,,,,,,,,,,,,,,,,,,,,,,,,,,,,,,,,,,,,,,,,,consumable,Microplate Absorbance Reader,
MR9600-750,,,,,,,,,,,,,,,,,,,,,,,,,,,,,,,,,,,,,,,,,,,,,,,,,,,,,,,,,,,,,,,,,,,,,,,,,,,,,,,,,,,,,,,,,consumable,Microplate Absorbance Reader,
W3200-500,,,,,,,,,,,,,,,,,,,,,,,,,,,,,,,,,,,,,,,,,,,,,,,,,,,,,,,,,,,,,,,,,,,,,,,,,,,,,,,,,,,,,,,,,balance,Precision Balances,
W3200-120,,,,,,,,,,,,,,,,,,,,,,,,,,,,,,,,,,,,,,,,,,,,,,,,,,,,,,,,,,,,,,,,,,,,,,,,,,,,,,,,,,,,,,,,,balance,Precision Balances,
W3200-300,,,,,,,,,,,,,,,,,,,,,,,,,,,,,,,,,,,,,,,,,,,,,,,,,,,,,,,,,,,,,,,,,,,,,,,,,,,,,,,,,,,,,,,,,balance,Precision Balances,
W3200-320,,,,,,,,,,,,,,,,,,,,,,,,,,,,,,,,,,,,,,,,,,,,,,,,,,,,,,,,,,,,,,,,,,,,,,,,,,,,,,,,,,,,,,,,,balance,Precision Balances,http://www.accuris-usa.com/Products/accuris-precision-balance-series/
W3200-1200,,,,,,,,,,,,,,,,,,,,,,,,,,,,,,,,,,,,,,,,,,,,,,,,,,,,,,,,,,,,,,,,,,,,,,,,,,,,,,,,,,,,,,,,,balance,Precision Balances,
W3200-3200,,,,,,,,,,,,,,,,,,,,,,,,,,,,,,,,,,,,,,,,,,,,,,,,,,,,,,,,,,,,,,,,,,,,,,,,,,,,,,,,,,,,,,,,,balance,Precision Balances,http://www.accuris-usa.com/Products/accuris-precision-balance-series/
W3200-5000,,,,,,,,,,,,,,,,,,,,,,,,,,,,,,,,,,,,,,,,,,,,,,,,,,,,,,,,,,,,,,,,,,,,,,,,,,,,,,,,,,,,,,,,,balance,Precision Balances,
W3200-5K-E,,,,,,,,,,,,,,,,,,,,,,,,,,,,,,,,,,,,,,,,,,,,,,,,,,,,,,,,,,,,,,,,,,,,,,,,,,,,,,,,,,,,,,,,,balance,Precision Balances,http://www.accuris-usa.com/Products/accuris-precision-balance-series/
W3300-120,,,,,,,,,,,,,,,,,,,,,,,,,,,,,,,,,,,,,,,,,,,,,,,,,,,,,,,,,,,,,,,,,,,,,,,,,,,,,,,,,,,,,,,,W1105-9,balance,Compact Balances,
W3300-300,,,,,,,,,,,,,,,,,,,,,,,,,,,,,,,,,,,,,,,,,,,,,,,,,,,,,,,,,,,,,,,,,,,,,,,,,,,,,,,,,,,,,,,,W1105-9,balance,Compact Balances,
W3300-500,,,,,,,,,,,,,,,,,,,,,,,,,,,,,,,,,,,,,,,,,,,,,,,,,,,,,,,,,,,,,,,,,,,,,,,,,,,,,,,,,,,,,,,,W1105-9,balance,Compact Balances,
W3300-1200,,,,,,,,,,,,,,,,,,,,,,,,,,,,,,,,,,,,,,,,,,,,,,,,,,,,,,,,,,,,,,,,,,,,,,,,,,,,,,,,,,,,,,,,W1105-9,balance,Compact Balances,
W3300-5000,,,,,,,,,,,,,,,,,,,,,,,,,,,,,,,,,,,,,,,,,,,,,,,,,,,,,,,,,,,,,,,,,,,,,,,,,,,,,,,,,,,,,,,,W1105-9,balance,Compact Balances,
W3300-10000,,,,,,,,,,,,,,,,,,,,,,,,,,,,,,,,,,,,,,,,,,,,,,,,,,,,,,,,,,,,,,,,,,,,,,,,,,,,,,,,,,,,,,,,W1105-9,balance,Compact Balances,
W3300-5K-E,,,,,,,,,,,,,,,,,,,,,,,,,,,,,,,,,,,,,,,,,,,,,,,,,,,,,,,,,,,,,,,,,,,,,,,,,,,,,,,,,,,,,,,,,,,http://www.accuris-usa.com/Products/compact-balance-series/
W3300-10K-E,,,,,,,,,,,,,,,,,,,,,,,,,,,,,,,,,,,,,,,,,,,,,,,,,,,,,,,,,,,,,,,,,,,,,,,,,,,,,,,,,,,,,,,,,,,http://www.accuris-usa.com/Products/compact-balance-series/
W1105-9,,,,,,,,,,,,,,,,,,,,,,,,,,,,,,,,,,,,,,,,,,,,,,,,,,,,,,,,,,,,,,,,,,,,,,,,,,,,,,,,,,,,,,,,,Calibration Weights,,
End Point PCR Reagents,,,,,,,,,,,,,,,,,,,,,,,,,,,,,,,,,,,,,,,,,,,,,,,,,,,,,,,,,,,,,,,,,,,,,,,,,,,,,,,,,,,,,,,,,,,
Accuris ™ Taq,,,,,,,,,,,,,,,,,,,,,,,,,,,,,,,,,,,,,,,,,,,,,,,,,,,,,,,,,,,,,,,,,,,,,,,,,,,,,,,,,,,,,,,,,,,
PR1000-500,,,,,,,,,,,,,,,,,,,,,,,,,,,,,,,,,,,,,,,,,,,500u (5u/µl),,,,,,,,,,,,,,,,,,,,,,,,,,,,,,,,,,,,,,,,AccurisTaq DNA Polymerase 500u (5u/µl),,,,,,,,
PR1000-1000,,,,,,,,,,,,,,,,,,,,,,,,,,,,,,,,,,,,,,,,,,,1000u (5u/µl),,,,,,,,,,,,,,,,,,,,,,,,,,,,,,,,,,,,,,,,Accuris Taq DNA Polymerase 1000u (5u/µl),,,,,,,,
PR1000-6000,,,,,,,,,,,,,,,,,,,,,,,,,,,,,,,,,,,,,,,,,,,6000u (5u/µl),,,,,,,,,,,,,,,,,,,,,,,,,,,,,,,,,,,,,,,,Accuris Taq DNA Polymerase 6000u (5u/µl),,,,,,,,
PR1001-200,,,,,,,,,,,,,,,,,,,,,,,,,,,,,,,,,,,,,,,,,,,200 x50µl Reactions,,,,,,,,,,,,,,,,,,,,,,,,,,,,,,,,,,,,,,,,Accuris 2x Taq Master Mix 200 x50µl Reactions,,,,,,,,
PR1001-1000,,,,,,,,,,,,,,,,,,,,,,,,,,,,,,,,,,,,,,,,,,,1000 x 50µl Reactions,,,,,,,,,,,,,,,,,,,,,,,,,,,,,,,,,,,,,,,,Accuris 2x Taq Master Mix 1000 x 50µl Reactions,,,,,,,,
PR1001-R-200,,,,,,,,,,,,,,,,,,,,,,,,,,,,,,,,,,,,,,,,,,,200 x 50µl Reactions,,,,,,,,,,,,,,,,,,,,,,,,,,,,,,,,,,,,,,,,Accuris 2x Taq Red Dye Master Mix 200 x 50µl Reactions,,,,,,,,
PR1001-R-1000,,,,,,,,,,,,,,,,,,,,,,,,,,,,,,,,,,,,,,,,,,,1000 x 50µl Reactions,,,,,,,,,,,,,,,,,,,,,,,,,,,,,,,,,,,,,,,,Accuris 2x Taq Red Dye Master Mix 1000 x 50µl Reactions,,,,,,,,
Accuris™ Hot Start Taq,,,,,,,,,,,,,,,,,,,,,,,,,,,,,,,,,,,,,,,,,,,,,,,,,,,,,,,,,,,,,,,,,,,,,,,,,,,,,,,,,,,,,,,,,,,
PR1000-HS-500,,,,,,,,,,,,,,,,,,,,,,,,,,,,,,,,,,,,,,,,,,,500u (5u/p1),,,,,,,,,,,,,,,,,,,,,,,,,,,,,,,,,,,,,,,,Accuris Hot Start Taq DNA Polymerase,,,,,,,,
PR1000-HS-1000,,,,,,,,,,,,,,,,,,,,,,,,,,,,,,,,,,,,,,,,,,,1000u (5u/p1),,,,,,,,,,,,,,,,,,,,,,,,,,,,,,,,,,,,,,,,Accuris Hot Start Taq DNA Polymerase,,,,,,,,
PR1000-HS-6000,,,,,,,,,,,,,,,,,,,,,,,,,,,,,,,,,,,,,,,,,,,6000u (5u/p1),,,,,,,,,,,,,,,,,,,,,,,,,,,,,,,,,,,,,,,,Accuris Hot Start Taq DNA Polymerase,,,,,,,,
PR1001-HS-200,,,,,,,,,,,,,,,,,,,,,,,,,,,,,,,,,,,,,,,,,,,200 x 50p1 Reactions,,,,,,,,,,,,,,,,,,,,,,,,,,,,,,,,,,,,,,,,Accuris Hot Start 2X Taq Master Mix,,,,,,,,
PR1001-HS-1000,,,,,,,,,,,,,,,,,,,,,,,,,,,,,,,,,,,,,,,,,,,1000 x 50p1 Reactions,,,,,,,,,,,,,,,,,,,,,,,,,,,,,,,,,,,,,,,,Accuris Hot Start 2X Taq Master Mix,,,,,,,,
PR1001-HSR-200,,,,,,,,,,,,,,,,,,,,,,,,,,,,,,,,,,,,,,,,,,,200 x 50p1 Reactions,,,,,,,,,,,,,,,,,,,,,,,,,,,,,,,,,,,,,,,,Accuris Hot Start 2X Taq Red Master Mix,,,,,,,,
PR1001-HSR-1000,,,,,,,,,,,,,,,,,,,,,,,,,,,,,,,,,,,,,,,,,,,1000 x 50p1 Reactions,,,,,,,,,,,,,,,,,,,,,,,,,,,,,,,,,,,,,,,,Accuris Hot Start 2X Taq Red Master Mix,,,,,,,,
Accuris™ Taq Plus,,,,,,,,,,,,,,,,,,,,,,,,,,,,,,,,,,,,,,,,,,,,,,,,,,,,,,,,,,,,,,,,,,,,,,,,,,,,,,,,,,,,,,,,,,,
PR1000-TP-250,,,,,,,,,,,,,,,,,,,,,,,,,,,,,,,,,,,,,,,,,,,250u (5u/p1),,,,,,,,,,,,,,,,,,,,,,,,,,,,,,,,,,,,,,,,Accuris Taq Start Taq DNA Polymerase,,,,,,,,
PR1000-TP-500,,,,,,,,,,,,,,,,,,,,,,,,,,,,,,,,,,,,,,,,,,,1000u (5u/p1),,,,,,,,,,,,,,,,,,,,,,,,,,,,,,,,,,,,,,,,Accuris Taq Start Taq DNA Polymerase,,,,,,,,
PR1001-TP-200,,,,,,,,,,,,,,,,,,,,,,,,,,,,,,,,,,,,,,,,,,,200x 50µl Reactions,,,,,,,,,,,,,,,,,,,,,,,,,,,,,,,,,,,,,,,,Accuris 2X Taq Plus Master Mix,,,,,,,,
PR1001-TP-1000,,,,,,,,,,,,,,,,,,,,,,,,,,,,,,,,,,,,,,,,,,,1000x 50µl Reactions,,,,,,,,,,,,,,,,,,,,,,,,,,,,,,,,,,,,,,,,Accuris 2X Taq Plus Master Mix,,,,,,,,
Accuris™ High Fidelity Polymerase,,,,,,,,,,,,,,,,,,,,,,,,,,,,,,,,,,,,,,,,,,,,,,,,,,,,,,,,,,,,,,,,,,,,,,,,,,,,,,,,,,,,,,,,,,,
PR1000-HF-200,,,,,,,,,,,,,,,,,,,,,,,,,,,,,,,,,,,,,,,,,,,200u (2u/p1),,,,,,,,,,,,,,,,,,,,,,,,,,,,,,,,,,,,,,,,Accuris High Fidelity DNA Polymerase,,,,,,,,
PR1000-HF-1000,,,,,,,,,,,,,,,,,,,,,,,,,,,,,,,,,,,,,,,,,,,1000u (2u/p1),,,,,,,,,,,,,,,,,,,,,,,,,,,,,,,,,,,,,,,,Accuris High Fidelity DNA Polymerase,,,,,,,,
Accuris™ Mammalian Genotyping Kit,,,,,,,,,,,,,,,,,,,,,,,,,,,,,,,,,,,,,,,,,,,,,,,,,,,,,,,,,,,,,,,,,,,,,,,,,,,,,,,,,,,,,,,,,,,
PR1300-MG-80,,,,,,,,,,,,,,,,,,,,,,,,,,,,,,,,,,,,,,,,,,,80,,,,,,,,,,,,,,,,,,,,,,,,,,,,,,,,,,,,,,,,Accuris 1 Hour Mammalian Genotyping kit,,,,,,,,
PR1300-MG-400,,,,,,,,,,,,,,,,,,,,,,,,,,,,,,,,,,,,,,,,,,,400,,,,,,,,,,,,,,,,,,,,,,,,,,,,,,,,,,,,,,,,Accuris 1 Hour Mammalian Genotyping kit,,,,,,,,
qPCR and cDNA Synthesis kits,,,,,,,,,,,,,,,,,,,,,,,,,,,,,,,,,,,,,,,,,,,,,,,,,,,,,,,,,,,,,,,,,,,,,,,,,,,,,,,,,,,,,,,,,,,
qMAX™ Green qPCR Mix,,,,,,,,,,,,,,,,,,,,,,,,,,,,,,,,,,,,,,,,,,,,,,,,,,,,,,,,,,,,,,,,,,,,,,,,,,,,,,,,,,,,,,,,,,,
PR2000-N-S,,,,,,,,,,,,,,,,,,,,,,,,,,,,,,,,,,,,,,,,,,,20,,,,,,,,,,,,,,,,,,,,,,,,,,,,,,,,,,,,,,,,"Accuris qMax Green, No Rox qPCR Mix, Sample",,,,,,,,
PR2000-N-100,,,,,,,,,,,,,,,,,,,,,,,,,,,,,,,,,,,,,,,,,,,100,,,,,,,,,,,,,,,,,,,,,,,,,,,,,,,,,,,,,,,,"Accuris qMax Green, No Rox qPCR Mix, 100 rxns (1 ml)",,,,,,,,
PR2000-N-500,,,,,,,,,,,,,,,,,,,,,,,,,,,,,,,,,,,,,,,,,,,500,,,,,,,,,,,,,,,,,,,,,,,,,,,,,,,,,,,,,,,,"Accuris qMax Green, No Rox qPCR Mix, 500 rxns (5 ml)",,,,,,,,
PR2000-N-1000,,,,,,,,,,,,,,,,,,,,,,,,,,,,,,,,,,,,,,,,,,,1000,,,,,,,,,,,,,,,,,,,,,,,,,,,,,,,,,,,,,,,,"Accuris qMax Green, No Rox qPCR Mix, 1000 rxns (10 ml)",,,,,,,,
PR2000-L-S,,,,,,,,,,,,,,,,,,,,,,,,,,,,,,,,,,,,,,,,,,,20,,,,,,,,,,,,,,,,,,,,,,,,,,,,,,,,,,,,,,,,"Accuris qMax Green, Low Rox qPCR Mix, Sample",,,,,,,,
PR2000-L-100,,,,,,,,,,,,,,,,,,,,,,,,,,,,,,,,,,,,,,,,,,,100,,,,,,,,,,,,,,,,,,,,,,,,,,,,,,,,,,,,,,,,"Accuris qMax Green, Low Rox qPCR Mix, 100 rxns (1 ml)",,,,,,,,
PR2000-L-500,,,,,,,,,,,,,,,,,,,,,,,,,,,,,,,,,,,,,,,,,,,500,,,,,,,,,,,,,,,,,,,,,,,,,,,,,,,,,,,,,,,,"Accuris qMax Green, Low Rox qPCR Mix, 500 rxns (5 ml)",,,,,,,,
PR2000-L-1000,,,,,,,,,,,,,,,,,,,,,,,,,,,,,,,,,,,,,,,,,,,1000,,,,,,,,,,,,,,,,,,,,,,,,,,,,,,,,,,,,,,,,"Accuris qMax Green, Low Rox qPCR Mix, 1000 rxns (10 ml)",,,,,,,,
PR2000-H-S,,,,,,,,,,,,,,,,,,,,,,,,,,,,,,,,,,,,,,,,,,,20,,,,,,,,,,,,,,,,,,,,,,,,,,,,,,,,,,,,,,,,"Accuris qMax Green, High Rox qPCR Mix, Sample",,,,,,,,
PR2000-H-100,,,,,,,,,,,,,,,,,,,,,,,,,,,,,,,,,,,,,,,,,,,100,,,,,,,,,,,,,,,,,,,,,,,,,,,,,,,,,,,,,,,,"Accuris qMax Green, High Rox qPCR Mix, 100 rxns (1 ml)",,,,,,,,
PR2000-H-500,,,,,,,,,,,,,,,,,,,,,,,,,,,,,,,,,,,,,,,,,,,500,,,,,,,,,,,,,,,,,,,,,,,,,,,,,,,,,,,,,,,,"Accuris qMax Green, High Rox qPCR Mix, 500 rxns (5 ml)",,,,,,,,
PR2000-H-1000,,,,,,,,,,,,,,,,,,,,,,,,,,,,,,,,,,,,,,,,,,,1000,,,,,,,,,,,,,,,,,,,,,,,,,,,,,,,,,,,,,,,,"Accuris qMax Green, High Rox qPCR Mix, 1000 rxns (10 ml)",,,,,,,,
qMAX™ Probe qPCR Mix,,,,,,,,,,,,,,,,,,,,,,,,,,,,,,,,,,,,,,,,,,,,,,,,,,,,,,,,,,,,,,,,,,,,,,,,,,,,,,,,,,,,,,,,,,,
PR2001-N-S,,,,,,,,,,,,,,,,,,,,,,,,,,,,,,,,,,,,,,,,,,,20,,,,,,,,,,,,,,,,,,,,,,,,,,,,,,,,,,,,,,,,"Accuris qMAX Probe, No Rox qPCR Mix, Sample",,,,,,,,
PR2001-N-100,,,,,,,,,,,,,,,,,,,,,,,,,,,,,,,,,,,,,,,,,,,100,,,,,,,,,,,,,,,,,,,,,,,,,,,,,,,,,,,,,,,,"Accuris qMAX Probe, No Rox qPCR Mix, 100 rxns (1 ml)",,,,,,,,
PR2001-N-500,,,,,,,,,,,,,,,,,,,,,,,,,,,,,,,,,,,,,,,,,,,500,,,,,,,,,,,,,,,,,,,,,,,,,,,,,,,,,,,,,,,,"Accuris qMAX Probe, No Rox qPCR Mix, 500 rxns (5 ml)",,,,,,,,
PR2001-N-1000,,,,,,,,,,,,,,,,,,,,,,,,,,,,,,,,,,,,,,,,,,,1000,,,,,,,,,,,,,,,,,,,,,,,,,,,,,,,,,,,,,,,,"Accuris qMAX Probe, No Rox qPCR Mix, 1000 rxns (10 ml)",,,,,,,,
PR2001-L-S,,,,,,,,,,,,,,,,,,,,,,,,,,,,,,,,,,,,,,,,,,,20,,,,,,,,,,,,,,,,,,,,,,,,,,,,,,,,,,,,,,,,"Accuris qMAX Probe, Low Rox qPCR Mix, Sample",,,,,,,,
PR2001-L-100,,,,,,,,,,,,,,,,,,,,,,,,,,,,,,,,,,,,,,,,,,,100,,,,,,,,,,,,,,,,,,,,,,,,,,,,,,,,,,,,,,,,"Accuris qMAX Probe, Low Rox qPCR Mix, 100 rxns (1 ml)",,,,,,,,
PR2001-L-500,,,,,,,,,,,,,,,,,,,,,,,,,,,,,,,,,,,,,,,,,,,500,,,,,,,,,,,,,,,,,,,,,,,,,,,,,,,,,,,,,,,,"Accuris qMAX Probe, Low Rox qPCR Mix, 500 rxns (500 ml)",,,,,,,,
PR2001-L-1000,,,,,,,,,,,,,,,,,,,,,,,,,,,,,,,,,,,,,,,,,,,1000,,,,,,,,,,,,,,,,,,,,,,,,,,,,,,,,,,,,,,,,"Accuris qMAX Probe, Low Rox qPCR Mix, 1000 rxns (10 ml)",,,,,,,,
PR2001-H-S,,,,,,,,,,,,,,,,,,,,,,,,,,,,,,,,,,,,,,,,,,,20,,,,,,,,,,,,,,,,,,,,,,,,,,,,,,,,,,,,,,,,"Accuris qMAX Probe, High Rox qPCR Mix, Sample",,,,,,,,
PR2001-H-100,,,,,,,,,,,,,,,,,,,,,,,,,,,,,,,,,,,,,,,,,,,100,,,,,,,,,,,,,,,,,,,,,,,,,,,,,,,,,,,,,,,,"Accuris qMAX Probe, High Rox qPCR Mix, 100 rxns (1 ml)",,,,,,,,
PR2001-H-500,,,,,,,,,,,,,,,,,,,,,,,,,,,,,,,,,,,,,,,,,,,500,,,,,,,,,,,,,,,,,,,,,,,,,,,,,,,,,,,,,,,,"Accuris qMAX Probe, High Rox qPCR Mix, 500 rxns (5 ml)",,,,,,,,
PR2001-H-1000,,,,,,,,,,,,,,,,,,,,,,,,,,,,,,,,,,,,,,,,,,,1000,,,,,,,,,,,,,,,,,,,,,,,,,,,,,,,,,,,,,,,,"Accuris qMAX Probe, High Rox qPCR Mix, 1000 rxns (10 ml)",,,,,,,,
qMAX™ cDNA Synthesis Kits,,,,,,,,,,,,,,,,,,,,,,,,,,,,,,,,,,,,,,,,,,,,,,,,,,,,,,,,,,,,,,,,,,,,,,,,,,,,,,,,,,,,,,,,,,,
PR-2100-C-S,,,,,,,,,,,,,,,,,,,,,,,,,,,,,,,,,,,,,,,,,,,5,,,,,,,,,,,,,,,,,,,,,,,,,,,,,,,,,,,,,,,,"Accuris qMax cDNA Synthesis Kit, sample",,,,,,,,
PR-2100-C-25,,,,,,,,,,,,,,,,,,,,,,,,,,,,,,,,,,,,,,,,,,,25,,,,,,,,,,,,,,,,,,,,,,,,,,,,,,,,,,,,,,,,Accuris qMax cDNA Synthesis Kit,,,,,,,,
PR-2100-C-100,,,,,,,,,,,,,,,,,,,,,,,,,,,,,,,,,,,,,,,,,,,100,,,,,,,,,,,,,,,,,,,,,,,,,,,,,,,,,,,,,,,,Accuris qMax cDNA Synthesis Kit,,,,,,,,
PR-2100-C-250,,,,,,,,,,,,,,,,,,,,,,,,,,,,,,,,,,,,,,,,,,,250,,,,,,,,,,,,,,,,,,,,,,,,,,,,,,,,,,,,,,,,Accuris qMax cDNA Synthesis Kit,,,,,,,,
PR2110-S,,,,,,,,,,,,,,,,,,,,,,,,,,,,,,,,,,,,,,,,,,,5,,,,,,,,,,,,,,,,,,,,,,,,,,,,,,,,,,,,,,,,"Accuris qMAX First Strand cDNA Synthesis Flex Kit, sample",,,,,,,,
PR2110-50,,,,,,,,,,,,,,,,,,,,,,,,,,,,,,,,,,,,,,,,,,,50,,,,,,,,,,,,,,,,,,,,,,,,,,,,,,,,,,,,,,,,"Accuris qMAX First Strand cDNA Synthesis Flex Kit, 50 reactions",,,,,,,,
PR2110-200,,,,,,,,,,,,,,,,,,,,,,,,,,,,,,,,,,,,,,,,,,,200,,,,,,,,,,,,,,,,,,,,,,,,,,,,,,,,,,,,,,,,"Accuris qMAX First Strand cDNA Synthesis Flex Kit, 200 reactions",,,,,,,,
Centrifugie,,,,,,,,,,,,,,,,,,,,,,,,,,,,,,,,,,,,,,,,,,,,,,,,,,,,,,,,,,,,,,,,,,,,,,,,,,,,,,,,,,,,,,,,,,,
C1612,C1612-E,,,,,,,,,,,,,,,,,,,,,,,,,,,,,,,,,,,,,,,,,,,,,,,,,,,,,,,,,,,,,,,,,,,,,,,,,,,,,,,,,,,,,,,,high_speed_centrifuge;micro_centrifuge,,
C2417,C2417-E,,,,,,,,,,,,,,,,,,,,,,,,,,,,,,,,,,,,,,,,,,,,,,,,,,,,,,,,,,,,,,,,,,,,,,,,,,,,,,,,,,,,,,,,high_speed_centrifuge;micro_centrifuge,,
C1012,C1012-E,,,,,,,,,,,,,,,,,,,,,,,,,,,,,,,,,,,,,,,,,,,,,,,,,,,,,,,,,,,,,,,,,,,,,,,,,,,,,,,,,,,,,,,,mini_centrifuge,,
C1248,C1248-E,,,,,,,,,,,,,,,,,,,,,,,,,,,,,,,,,,,,,,,,,,,,,,,,,,,,,,,,,,,,,,,,,,,,,,,,,,,,,,,,,,,,,,,,mini_centrifuge,,
C2000,C2000-E,,,,,,,,,,,,,,,,,,,,,,,,,,,,,,,,,,,,,,,,,,,,,,,,,,,,,,,,,,,,,,,,,,,,,,,,,,,,,,,,,,,,,,,,micro_centrifuge;hotplate,,
C1005,C1005-E,,,,,,,,,,,,,,,,,,,,,,,,,,,,,,,,,,,,,,,,,,,,,,,,,,,,,,,,,,,,,,,,,,,,,,,,,,,,,,,,,,,,,,,,mini_centrifuge,,
C1008-B,C1008-B-E,,,,,,,,,,,,,,,,,,,,,,,,,,,,,,,,,,,,,,,,,,,,,,,,,,,,,,,,,,,,,,,,,,,,,,,,,,,,,,,,,,,,,,,,mini_centrifuge,,
C1008-C,C1008-C-E,,,,,,,,,,,,,,,,,,,,,,,,,,,,,,,,,,,,,,,,,,,,,,,,,,,,,,,,,,,,,,,,,,,,,,,,,,,,,,,,,,,,,,,,mini_centrifuge,,
C1008-G,C1008-G-E,,,,,,,,,,,,,,,,,,,,,,,,,,,,,,,,,,,,,,,,,,,,,,,,,,,,,,,,,,,,,,,,,,,,,,,,,,,,,,,,,,,,,,,,mini_centrifuge,,
C1008-P,C1008-P-E,,,,,,,,,,,,,,,,,,,,,,,,,,,,,,,,,,,,,,,,,,,,,,,,,,,,,,,,,,,,,,,,,,,,,,,,,,,,,,,,,,,,,,,,mini_centrifuge,,
C1008-R,C1008-R-E,,,,,,,,,,,,,,,,,,,,,,,,,,,,,,,,,,,,,,,,,,,,,,,,,,,,,,,,,,,,,,,,,,,,,,,,,,,,,,,,,,,,,,,,mini_centrifuge,,
BSC1006-R,BSC1006-R-E,,,,,,,,,,,,,,,,,,,,,,,,,,,,,,,,,,,,,,,,,,,,,,,,,,,,,,,,,,,,,,,,,,,,,,,,,,,,,,,,,,,,,,,,mini_centrifuge,,
BSC1006-B,BSC1006-B-E,,,,,,,,,,,,,,,,,,,,,,,,,,,,,,,,,,,,,,,,,,,,,,,,,,,,,,,,,,,,,,,,,,,,,,,,,,,,,,,,,,,,,,,,mini_centrifuge,,
C3100,C3100-E,,,,,,,,,,,,,,,,,,,,,,,,,,,,,,,,,,,,,,,,,,,,,,,,,,,,,,,,,,,,,,,,,,,,,,,,,,,,,,,,,,,,,,,,centrifuge,,
C3200,C3200-E,,,,,,,,,,,,,,,,,,,,,,,,,,,,,,,,,,,,,,,,,,,,,,,,,,,,,,,,,,,,,,,,,,,,,,,,,,,,,,,,,,,,,,,,centrifuge,,